customer_id,age,salary,purchase_amount,city,membership_date,is_premium,rating,score,visits
1.0,39.0,70990.33154879004,52.27404730506311,Tokyo,2020-01-01,,B,64.6407375228089,4.0
2.0,33.0,63869.50524369153,6.828938057355076,Paris,2020-01-02,,C,45.83634794263062,6.0
3.0,41.0,50894.45554880261,42.89699972993807,,2020-01-03,True,B,52.87073198840526,4.0
4.0,50.0,40295.94833441639,11.76559048780725,London,2020-01-04,,B,3.4376858351725215,6.0
5.0,32.0,60473.34970420385,165.14857100754801,Tokyo,2020-01-05,,,63.89630219732846,4.0
6.0,32.0,55902.28078132625,295.05299850619986,Paris,2020-01-06,,B,8.14472128911592,
7.0,,,7.506463373245577,Paris,2020-01-07,,,43.50145943402234,6.0
8.0,42.0,59527.57702522954,310.36562340686856,New York,2020-01-08,False,C,29.265509766740784,3.0
9.0,30.0,65743.29072979002,73.93515493887611,New York,2020-01-09,True,B,54.54279502117131,6.0
10.0,40.0,41971.47182659148,35.60546762786021,London,2020-01-10,,B,13.341633552320708,2.0
11.0,30.0,69760.91098451489,7.997662473957208,New York,2020-01-11,,A,69.16434019733182,8.0
12.0,,52963.994070386,69.43964967713936,London,2020-01-12,False,B,79.50115369284704,3.0
13.0,37.0,81128.91308937898,158.23848901976177,,2020-01-13,,B,16.33544497431565,6.0
,15.0,39662.18272865648,122.78778577836498,London,2020-01-14,False,A,10.431308735188216,4.0
15.0,17.0,76039.45704747873,5.153122949604646,New York,2020-01-15,,A,14.551548278735915,5.0
16.0,29.0,52968.66175193972,7.569582405825248,,2020-01-16,True,C,87.71275618985017,6.0
17.0,24.0,40228.72994578327,51.56259312160877,New York,2020-01-17,,B,52.81892617563562,1.0
18.0,38.0,42741.71248918518,34.996960938004904,London,2020-01-18,,C,46.72609960075026,5.0
19.0,25.0,45194.7903770852,26.446609173255954,Tokyo,2020-01-19,,C,10.671181910235427,7.0
20.0,20.0,,32.990017845551165,Paris,2020-01-20,False,A,64.95560067569618,6.0
21.0,49.0,57842.5323205325,162.70050311567158,New York,2020-01-21,,,86.799959189509,6.0
22.0,32.0,41394.49994092131,264.8292594543428,London,2020-01-22,,C,82.8185869323453,7.0
23.0,35.0,49634.68111608526,51.93664841775336,,2020-01-23,True,,62.60547089808013,4.0
24.0,20.0,82134.05537917795,236.56420682428902,New York,2020-01-24,,B,7.527871665167362,3.0
25.0,29.0,75913.14755151067,38.78644640572496,New York,2020-01-25,True,A,11.239702717601297,8.0
26.0,36.0,56544.85504511048,64.70978859895243,Paris,2020-01-26,,B,4.930898710982468,4.0
27.0,23.0,50570.05217252301,25.62208709727886,London,2020-01-27,True,B,25.74792164924693,5.0
28.0,38.0,51800.46990077392,102.29744619715446,Tokyo,2020-01-28,,A,13.566146716037775,5.0
29.0,28.0,59202.769590956246,386.2333967976322,,,True,B,26.004804025243388,3.0
30.0,32.0,34658.111522023915,92.5061825810096,London,2020-01-30,False,A,38.50580557189617,9.0
31.0,28.0,46139.35193864982,44.287742860668416,,2020-01-31,True,,94.29827840711357,8.0
32.0,53.0,24971.238891836158,104.36056184754838,New York,2020-02-01,True,B,61.03760597816921,6.0
33.0,,55988.34683907919,13.115784425231066,Paris,2020-02-02,True,A,83.49737856829623,3.0
34.0,24.0,59707.939095541115,219.51584356663062,Paris,2020-02-03,,C,71.03515007123322,5.0
35.0,43.0,42752.20306550939,69.93341822032346,Tokyo,2020-02-04,,B,11.250313052663174,
36.0,22.0,73609.80144935049,59.665541190610185,Paris,2020-02-05,,,73.59204063739489,5.0
37.0,37.0,,88.15627605399604,New York,2020-02-06,False,A,27.509888155912442,3.0
38.0,15.0,28034.376796852695,98.02530531518269,Tokyo,2020-02-07,False,B,63.91078469947063,7.0
39.0,21.0,53366.77727839958,7.448198725566497,London,2020-02-08,True,B,34.09619736429885,3.0
40.0,36.0,65706.47453918232,114.76467295243799,Paris,2020-02-09,False,B,99.76722632646592,0.0
41.0,42.0,75258.91537186803,27.698176589151046,Tokyo,2020-02-10,True,,26.355147949677782,6.0
42.0,36.0,43116.7360569659,125.15978612695335,New York,2020-02-11,True,A,27.913047077426967,6.0
43.0,33.0,66180.21250146943,172.8980713981719,,2020-02-12,True,C,93.06722555623983,4.0
44.0,31.0,49422.372957489395,162.94289459954794,,2020-02-13,False,,2.464440463632267,5.0
45.0,20.0,47410.59050088771,80.40809030749026,New York,2020-02-14,,C,69.66889878731969,9.0
46.0,27.0,63254.89906230009,73.43231800466302,New York,2020-02-15,False,A,72.53263907358782,5.0
47.0,30.0,59784.84317620129,15.41726349642509,,2020-02-16,True,C,83.63785774103994,4.0
48.0,45.0,26354.11764523626,149.31945076374282,Tokyo,2020-02-17,True,,97.44393106384753,3.0
49.0,38.0,72148.10524588844,31.66432691086065,,2020-02-18,False,A,97.56019191566524,6.0
50.0,17.0,70701.37031221177,68.65597708997227,New York,,,B,6.527675756646389,2.0
51.0,38.0,40616.55947735706,33.44579966637421,Paris,2020-02-20,True,,82.18393227529025,6.0
52.0,31.0,,14.36721949072962,London,2020-02-21,False,B,64.63099336573814,6.0
53.0,28.0,,99.30575734759223,,2020-02-22,False,C,64.73421343730912,6.0
54.0,41.0,53910.10648735861,5.586375972591637,,2020-02-23,,,12.83499266146948,
55.0,45.0,41745.422692318694,138.08899279180804,New York,2020-02-24,True,A,65.01871664456533,3.0
56.0,44.0,39925.64948092923,38.21199325538965,,2020-02-25,True,,98.24825806012478,4.0
,,49616.688935128324,0.013470207640267372,Tokyo,2020-02-26,,B,91.1818569539447,
58.0,31.0,67590.93528889047,71.56569128044453,Paris,2020-02-27,,A,43.91306608048505,5.0
59.0,38.0,58154.002318916486,4.798499236125218,,2020-02-28,False,,3.994797328609434,
60.0,44.0,,32.31981099097797,Tokyo,2020-02-29,,,36.229349000020484,4.0
61.0,30.0,61575.48065972517,122.7502425593323,Paris,2020-03-01,True,,82.63903116005552,5.0
62.0,33.0,7271.8606905488705,6.474080465882678,Tokyo,2020-03-02,,,70.1499101465166,5.0
,23.0,67231.48550558156,182.84555642147865,,2020-03-03,True,A,45.93436555939564,5.0
64.0,23.0,23904.293318328506,0.38272371963960566,London,2020-03-04,False,B,5.510153515883109,7.0
65.0,43.0,44563.38587895302,28.345617309149553,,2020-03-05,False,,42.68947278233026,3.0
66.0,48.0,33204.95158060784,135.0556846311104,New York,2020-03-06,,A,46.90249397178835,2.0
,34.0,30579.777864186413,38.01923951197497,Tokyo,2020-03-07,,B,92.85555328941359,4.0
68.0,45.0,,107.4653827437935,London,2020-03-08,False,,64.10861035821594,4.0
69.0,38.0,42984.48198032163,44.6652667564808,Tokyo,2020-03-09,,,31.16529166546489,6.0
70.0,28.0,55197.55822596073,31.524963848875604,Tokyo,2020-03-10,,B,52.53182644507214,3.0
71.0,38.0,49296.19131681224,184.96761371370292,Paris,2020-03-11,,A,6.605530782216007,5.0
72.0,50.0,57155.612408346824,37.592754529383974,New York,2020-03-12,,B,97.25682356497369,5.0
73.0,34.0,51152.32836590383,155.55771577313507,Tokyo,2020-03-13,,A,36.0059901930726,5.0
74.0,50.0,30755.116637171457,222.44409077040282,,,,,47.78673549131358,5.0
75.0,8.0,64944.002291707104,56.88386725432964,,2020-03-15,,B,35.52839742369226,
76.0,43.0,42593.65125258031,240.73140731611966,Paris,2020-03-16,True,B,68.25117301162001,10.0
77.0,35.0,26651.271520103735,47.3719410559516,New York,,True,C,,5.0
78.0,32.0,43578.27258551131,332.6416952168716,New York,2020-03-18,False,,71.53223105291356,4.0
79.0,35.0,72511.39685951466,9.353024181236151,,2020-03-19,True,,26.814322961192083,4.0
80.0,15.0,62753.32613170239,,London,2020-03-20,False,C,31.566848116406597,7.0
81.0,,44770.21798388211,68.08511682311533,Paris,2020-03-21,,C,12.525123109620795,3.0
82.0,38.0,44761.13443522357,49.04493137625131,Paris,2020-03-22,False,A,65.55099718461126,6.0
83.0,49.0,45175.47423173926,100.16086674053277,,2020-03-23,False,A,,2.0
84.0,29.0,81151.21975341262,121.69131426351242,,2020-03-24,,B,59.768233552345905,4.0
85.0,26.0,55729.0317834733,0.43728164917464124,London,2020-03-25,False,B,86.96958848516338,4.0
86.0,29.0,56450.624707866045,18.2665322371209,London,2020-03-26,True,B,89.08321482896335,4.0
87.0,44.0,65454.25181047763,124.84335312686663,New York,2020-03-27,True,B,44.90377603699617,8.0
88.0,38.0,53581.8373853977,109.77688851674723,Paris,2020-03-28,,A,45.930368821307376,5.0
89.0,29.0,46114.36781268945,338.27929410405415,Paris,2020-03-29,True,,7.696918300801736,
90.0,,47054.75226372533,143.14498577567406,,2020-03-30,False,B,67.07650254430358,5.0
91.0,35.0,48925.98110878904,301.1307088376879,New York,2020-03-31,False,,82.12594203728455,7.0
92.0,44.0,49441.66645235238,121.24772028770874,Paris,2020-04-01,,B,24.465505460471306,8.0
93.0,27.0,60914.4431545547,35.38962490032648,New York,2020-04-02,False,C,42.13008816333647,3.0
94.0,31.0,50779.18828710949,,,2020-04-03,False,B,83.88393367652704,4.0
95.0,31.0,60989.60115823369,152.24525761144807,,2020-04-04,False,,87.7120467662288,6.0
96.0,20.0,48789.251298371266,103.32437974520249,New York,2020-04-05,,B,24.317998026422593,4.0
97.0,37.0,51179.52785474136,4.938565445154199,London,2020-04-06,True,A,55.057063454136426,4.0
98.0,37.0,20026.989732018385,44.63659587077571,London,2020-04-07,False,C,19.249315063582706,6.0
99.0,35.0,63744.91512053722,314.19105125441143,Tokyo,2020-04-08,,B,10.187876413955655,2.0
100.0,,55197.32713846989,69.39497939883505,,2020-04-09,,B,91.11205013919576,4.0
101.0,20.0,64970.15164789478,56.6918375072549,Tokyo,2020-04-10,,,82.05075042321091,2.0
,30.0,6556.1693270946635,61.193519704999886,London,2020-04-11,,C,76.00349018031739,8.0
103.0,31.0,81325.62057171091,23.43090592525958,Tokyo,2020-04-12,False,B,4.876631881314042,7.0
104.0,26.0,47906.15557767239,45.998545255917016,,2020-04-13,,,84.37287927102575,2.0
105.0,33.0,66622.74225106275,46.173908445203736,,2020-04-14,True,,43.804407590538375,
106.0,39.0,34401.411093117036,5.377534073609781,New York,2020-04-15,,A,34.23951232958596,6.0
107.0,53.0,59191.608575938546,145.915597161305,Paris,2020-04-16,,,54.647636102537646,7.0
108.0,36.0,34198.76655239516,53.87184226637698,New York,2020-04-17,,B,9.135324272355582,7.0
109.0,37.0,40643.465589562926,172.6982839782898,,2020-04-18,,A,75.66465493523988,7.0
110.0,34.0,78710.4703080018,189.94426877388574,London,2020-04-19,,A,58.24350768882959,6.0
111.0,15.0,47139.7639885498,23.824964435406248,London,2020-04-20,,B,18.659009687316754,5.0
112.0,34.0,53261.49309769584,107.10559234713095,New York,2020-04-21,False,C,18.82321997690456,5.0
,35.0,63051.015960331315,,,2020-04-22,False,,18.424865157267423,8.0
114.0,59.0,57435.22831958907,212.15705393023597,London,2020-04-23,False,A,5.700238755193398,
115.0,33.0,261281.41788576823,243.01554696629722,,2020-04-24,False,C,58.77984493716848,4.0
116.0,38.0,55474.41503699338,,,2020-04-25,True,B,84.0348177588508,5.0
117.0,34.0,,93.58612978430901,,2020-04-26,True,,1.74982139873886,8.0
118.0,23.0,49135.71804449622,34.9985195390159,Tokyo,2020-04-27,True,,4.900464497127355,5.0
119.0,46.0,53016.485700724515,14.687824248068754,,2020-04-28,,,57.27702766869458,2.0
120.0,42.0,65759.81594011417,105.45181635854284,,2020-04-29,,,81.94956853860523,3.0
121.0,42.0,66582.88899436976,134.1693753785471,New York,2020-04-30,,,32.67388905686336,7.0
122.0,25.0,67805.4545834057,37.92526906601768,Tokyo,2020-05-01,False,,34.96143988077222,3.0
123.0,49.0,59580.95333043777,103.51660626804981,Paris,2020-05-02,,,59.63464974967759,8.0
124.0,20.0,32854.92630904275,50.27432205813675,New York,2020-05-03,False,B,27.4212889124147,1.0
125.0,40.0,74501.47298451644,124.89941708327505,Paris,2020-05-04,,C,2.660836607768413,5.0
126.0,56.0,164024.0955235984,222.163125706071,London,2020-05-05,False,B,73.52285181015961,3.0
127.0,25.0,54539.531978585495,220.92313952729916,Paris,2020-05-06,,B,62.56499129414531,5.0
128.0,29.0,38685.86224970963,33.884849273461874,,2020-05-07,,A,58.07559990556591,5.0
129.0,35.0,49037.92480110511,45.85273151883389,Paris,2020-05-08,True,,74.16841289918231,2.0
130.0,29.0,54931.436154552204,5.984762284370609,New York,,,B,67.52308375620375,7.0
131.0,19.0,54820.35823175409,11.823437635671135,New York,2020-05-10,,,20.588198817832115,2.0
132.0,35.0,56328.81131352927,72.53850879884061,Paris,2020-05-11,,B,35.24810469433511,4.0
133.0,24.0,74205.6690358797,31.14184672257246,New York,2020-05-12,False,B,12.6110141678625,5.0
134.0,39.0,56803.014522709695,180.47245077470063,New York,2020-05-13,,A,12.985701341788102,4.0
135.0,25.0,46337.65047064027,1.4802405694441707,Paris,2020-05-14,,C,67.61957463565392,4.0
136.0,50.0,64461.307524325355,47.65756556547072,Tokyo,2020-05-15,False,C,85.86001069824982,5.0
137.0,27.0,67842.05733386961,,Tokyo,2020-05-16,,B,96.27325838611391,4.0
138.0,31.0,31585.88277294511,1.9516851669877113,London,2020-05-17,False,A,62.834711754944436,4.0
139.0,43.0,58961.00104774787,13.28098233045887,New York,2020-05-18,,,18.410132336095696,5.0
140.0,22.0,60517.591134663475,53.38259054757455,Paris,2020-05-19,,,10.56503454489307,7.0
141.0,37.0,45536.54744960012,67.8977219233992,New York,2020-05-20,False,B,81.28509715367578,6.0
142.0,48.0,70635.6021996743,51.80008832397219,,2020-05-21,True,C,57.875647635999925,6.0
143.0,18.0,,75.70196375133226,New York,2020-05-22,False,A,61.82850210137198,8.0
144.0,36.0,51883.64680207313,90.41933879635168,New York,2020-05-23,,C,78.14620887547092,5.0
145.0,37.0,,0.9973390458152718,Tokyo,2020-05-24,False,,70.32772277324516,2.0
146.0,42.0,50233.685713722014,62.37986699666189,Paris,2020-05-25,,C,83.44582528560966,4.0
147.0,,,331.04222210096384,New York,2020-05-26,,,5.621390545987848,6.0
148.0,21.0,28399.236761085584,73.19551215848256,Tokyo,2020-05-27,True,A,74.75206367465049,3.0
149.0,40.0,73917.57594837458,113.17832132238965,London,2020-05-28,False,A,85.08527573220954,3.0
150.0,37.0,37295.57977522508,37.376857968988034,Tokyo,2020-05-29,,B,,5.0
151.0,37.0,35129.114758155396,148.71821306709975,Tokyo,2020-05-30,,B,64.04472739932528,5.0
152.0,38.0,17699.148295944276,,Tokyo,2020-05-31,False,C,31.416206383697208,6.0
153.0,,40415.57378465746,73.66729262027566,New York,2020-06-01,True,A,95.7971066482454,2.0
154.0,37.0,30153.653098887524,373.02775845358445,New York,2020-06-02,False,A,3.3423572435503757,6.0
155.0,37.0,74630.22740204554,13.416040728437489,London,2020-06-03,True,B,57.97928438329551,4.0
156.0,27.0,,1.70929200584672,,2020-06-04,True,,16.65035470495151,3.0
157.0,53.0,,147.03640839597827,,2020-06-05,True,C,71.22202051771586,4.0
158.0,39.0,83786.53708016463,164.58713080659462,,,True,C,17.589028341866207,2.0
159.0,23.0,64726.48230487391,12.806888687847065,,2020-06-07,False,B,23.538326189835757,6.0
160.0,41.0,45127.529247370665,30.867806434803484,,2020-06-08,,A,49.43708110457581,8.0
161.0,25.0,12508.914276896401,1.7708232706465001,,2020-06-09,,B,91.4834949996878,5.0
162.0,42.0,84364.13858886113,34.71612158516566,Tokyo,2020-06-10,,B,21.171437214797084,6.0
163.0,46.0,29156.41299854606,,New York,2020-06-11,,B,14.424002111810353,5.0
164.0,26.0,25319.01879564662,72.972927557207,New York,2020-06-12,,B,75.89768318540307,5.0
165.0,44.0,65338.5564801446,42.78573430933416,Tokyo,2020-06-13,,,50.0619532333931,6.0
166.0,39.0,432981.43047544546,464.80006315936544,,2020-06-14,False,,91.17851123817714,4.0
167.0,43.0,70764.09227765776,0.13545426943478148,Tokyo,,True,A,14.661455715984228,4.0
168.0,53.0,58458.636800785396,35.639002391120705,New York,2020-06-16,,B,64.59278930230393,5.0
169.0,32.0,58921.315124979286,103.97550865605174,,2020-06-17,False,,23.287914615181503,5.0
170.0,27.0,62801.23338170462,365.716545428518,,2020-06-18,,A,15.67604286516393,4.0
171.0,26.0,61383.92884680148,187.7714998624691,London,2020-06-19,,B,68.34294151572705,4.0
172.0,26.0,54217.87135954064,2.38777834155165,Tokyo,2020-06-20,True,C,59.36846199087332,7.0
173.0,34.0,51563.01655927814,228.8293749222259,Paris,2020-06-21,True,,75.48274583623312,5.0
174.0,38.0,49061.103081507164,152.87726907101523,Tokyo,2020-06-22,True,A,30.946257644618235,4.0
175.0,37.0,38690.531166999855,151.58388483489995,,2020-06-23,,C,44.79716563821899,3.0
176.0,43.0,45789.87384699839,61.2481452856446,Tokyo,2020-06-24,,B,40.547167633041845,9.0
177.0,35.0,,,Paris,2020-06-25,,B,98.40894639665142,6.0
178.0,49.0,48524.90559807875,36.0848969982313,London,2020-06-26,True,B,29.22489567393879,6.0
179.0,,35171.133392736236,6.795219063427087,,2020-06-27,False,,29.481723834676686,4.0
180.0,62.0,33446.160241763435,25.90756504330275,Tokyo,2020-06-28,,A,35.45482088286074,7.0
181.0,41.0,52698.41226730218,28.31638085009333,Paris,2020-06-29,,C,56.45940812903215,6.0
182.0,26.0,70880.034295169,66.17978845593669,Paris,2020-06-30,,A,25.232274426374524,6.0
183.0,24.0,63774.7490900347,137.61238826067157,London,2020-07-01,,,91.52899403792739,2.0
184.0,39.0,,64.20925886156549,New York,2020-07-02,,A,26.56855648662635,6.0
185.0,32.0,35155.57795144494,5.958489006248408,Tokyo,2020-07-03,False,,89.58157315601947,4.0
186.0,42.0,,316.50934043967567,Paris,2020-07-04,,B,10.347506364658464,7.0
187.0,39.0,35262.68909692536,285.98791623520435,London,2020-07-05,False,C,65.65627023996524,8.0
188.0,34.0,233152.51375022315,1537.999235727918,,2020-07-06,,B,90.69855184382438,6.0
,26.0,58250.78148536828,474.76444833599436,Paris,2020-07-07,True,A,16.874943839822954,3.0
190.0,19.0,35474.83317704547,78.63207766462898,London,2020-07-08,True,B,96.8326960099255,4.0
191.0,30.0,51580.6325921894,329.05960797829,New York,2020-07-09,True,C,45.28833604155117,5.0
192.0,43.0,29989.617576226934,7.861585344916983,,2020-07-10,True,B,94.57151084410245,3.0
193.0,37.0,40979.48534073179,45.520289964627686,Paris,,,C,67.6820043630047,5.0
194.0,22.0,,25.538432939859106,Paris,,True,C,30.158686987355154,8.0
,,26105.09399702496,21.79484245523082,Tokyo,2020-07-13,False,B,18.83025249171064,8.0
196.0,38.0,56607.121069405985,15.175698737108501,London,2020-07-14,True,,30.37350462250994,5.0
197.0,26.0,,97.39559723919811,Paris,2020-07-15,True,,9.301740926267499,5.0
198.0,36.0,58287.34931625721,152.01542911231599,Tokyo,2020-07-16,True,,14.386796634332978,8.0
199.0,35.0,53358.712010969924,86.34573226958267,Tokyo,2020-07-17,,,10.466044034648114,5.0
200.0,23.0,70462.10644960766,15.895201566782516,Paris,2020-07-18,True,B,,4.0
201.0,38.0,51878.36753971861,166.66633458146543,New York,2020-07-19,False,A,79.55783762575864,3.0
202.0,40.0,43558.91688312121,101.0476988217397,London,2020-07-20,True,,14.138355421634019,7.0
203.0,,51834.46254548425,49.12937947777809,London,2020-07-21,True,,13.032043317233589,4.0
204.0,45.0,58149.470435545816,112.1257657067068,New York,2020-07-22,True,,64.34289495173307,
205.0,21.0,50732.901054885566,30.09766945987171,Paris,2020-07-23,False,A,19.71829819680663,5.0
206.0,25.0,50608.87536805824,42.34135344939629,London,2020-07-24,True,,9.76100381089916,3.0
207.0,40.0,39470.12468289867,249.47854019627047,Paris,2020-07-25,False,A,16.684857820557763,5.0
208.0,40.0,40056.48623673578,34.3201132890464,Paris,2020-07-26,False,B,92.37313958767761,4.0
209.0,40.0,28960.920923004596,63.48561371298942,Tokyo,2020-07-27,True,B,82.14712527761908,6.0
210.0,73.0,76243.65114780409,220.85588042617505,,2020-07-28,False,B,35.40645623550941,5.0
211.0,40.0,31342.051469130725,123.00476518437323,Paris,2020-07-29,,A,65.58207673273928,5.0
212.0,46.0,39606.42203306139,6.4222012474072745,,2020-07-30,,C,53.72756736680381,2.0
213.0,44.0,39223.89101646204,15.935106340465577,New York,2020-07-31,True,A,67.7124263482564,5.0
214.0,41.0,63423.86565416662,0.7872497723973615,London,2020-08-01,False,C,68.26711524627594,3.0
215.0,31.0,45575.75482561958,99.67467068014915,Tokyo,2020-08-02,False,B,62.8734015059993,3.0
216.0,42.0,68716.131090106,59.361578701023376,London,2020-08-03,True,,26.610136853730857,5.0
217.0,27.0,39897.640636341974,14.41878005901035,London,2020-08-04,,C,3.900642076281813,4.0
218.0,32.0,54184.91243335703,316.85183433152224,New York,2020-08-05,False,B,45.55667819901088,3.0
219.0,30.0,37469.794201103636,75.42988546284627,London,2020-08-06,False,B,89.09738846907038,4.0
220.0,35.0,82177.23691660083,27.693113030920475,Paris,2020-08-07,,C,56.94972585185759,2.0
221.0,58.0,32186.02371455731,69.43550520525156,London,2020-08-08,,,83.23910417019079,6.0
,16.0,54647.31065340541,113.82485262732563,Tokyo,2020-08-09,,B,99.16243429612281,7.0
223.0,41.0,59506.65321398148,7.930213477005081,Tokyo,2020-08-10,,C,16.361620413827627,3.0
224.0,18.0,56206.986461772474,32.117517658509286,,2020-08-11,,,69.17776391419824,5.0
225.0,30.0,47220.68511683438,164.4886302350852,Tokyo,2020-08-12,,,67.42935737000246,4.0
226.0,45.0,48052.689503998605,61.55657215573472,London,2020-08-13,False,B,97.99554473582785,6.0
227.0,35.0,50657.17207968664,79.09301276058035,Tokyo,2020-08-14,True,A,98.56007339528003,6.0
,24.0,238974.84987786334,567.0715168023113,New York,2020-08-15,True,A,68.66786117241294,2.0
229.0,27.0,64458.18675192365,4.489270890015703,Tokyo,2020-08-16,True,B,24.361479198219428,2.0
230.0,41.0,83157.84502387026,18.122189742519364,,2020-08-17,,,79.85558381305991,5.0
231.0,27.0,41637.623224882496,58.97635674222761,New York,2020-08-18,False,B,10.70291342110381,2.0
232.0,37.0,,23.4691808249024,,2020-08-19,True,C,78.06993041716287,7.0
233.0,35.0,48675.76927473118,5.127121953612685,Paris,2020-08-20,True,A,91.01961241446965,4.0
234.0,28.0,88695.64006481477,185.56560463874308,London,2020-08-21,True,C,38.28333947684352,5.0
235.0,56.0,37944.88148045404,397.350110319524,London,2020-08-22,True,B,63.06352949830804,7.0
236.0,41.0,74586.75208166102,,London,2020-08-23,,B,43.01427320968263,5.0
237.0,14.0,75165.51221114662,192.2676602269478,Paris,2020-08-24,,,43.776505498812845,7.0
238.0,36.0,41696.176374380084,27.704172270921134,Paris,2020-08-25,False,,31.037088910812006,1.0
239.0,28.0,58534.74618777913,323.4674354858788,Paris,2020-08-26,True,,76.21296204503246,3.0
240.0,43.0,74425.94934692807,21.930804684137822,New York,2020-08-27,False,C,93.61765641665052,4.0
,27.0,44313.08388518769,302.4745318202052,New York,2020-08-28,True,,94.07508592344611,9.0
242.0,,46946.29459846457,526.2813931989295,,2020-08-29,,B,17.478128487493382,4.0
243.0,40.0,41274.786290770346,124.3832781684682,Tokyo,2020-08-30,,,87.4743649656566,5.0
244.0,43.0,34778.649039607,,London,2020-08-31,,A,73.74314414271221,6.0
245.0,22.0,40260.83682400989,,,2020-09-01,True,,25.283740069028926,6.0
246.0,31.0,31640.895998566153,30.04860724923195,New York,2020-09-02,False,C,6.728461292151455,3.0
247.0,30.0,50511.25202388839,57.44683429928096,Paris,2020-09-03,,A,26.799726688437797,3.0
248.0,28.0,38450.40153412038,90.03212637616178,New York,2020-09-04,True,A,91.22082367815256,5.0
249.0,,53506.788676861215,7.588970221384388,Paris,2020-09-05,True,A,63.31786748957723,7.0
250.0,39.0,26661.56530694559,97.3769603394951,,2020-09-06,False,C,72.10546608978719,6.0
251.0,22.0,54963.20348321686,397.27202078753885,,2020-09-07,,B,25.715235110909585,
252.0,44.0,62502.93442413387,21.085394111533372,New York,2020-09-08,True,,71.93881555748203,4.0
253.0,56.0,20093.96536142817,157.3082436156245,Paris,2020-09-09,False,A,2.812150627792376,7.0
254.0,45.0,55610.848547713584,238.48672389512572,,2020-09-10,,A,37.53213457730138,4.0
255.0,19.0,68415.03488709938,287.7089035892496,London,2020-09-11,False,A,62.67533485423312,8.0
256.0,30.0,31855.38471963192,322.2271694448199,London,2020-09-12,False,B,14.609656554132023,5.0
257.0,47.0,75088.58580256555,73.70147220569544,Paris,2020-09-13,True,,82.30035744469347,5.0
258.0,27.0,56285.285140490676,378.5738784859356,New York,2020-09-14,,C,23.503129881191864,4.0
259.0,39.0,39424.82216362387,141.59712237241735,,2020-09-15,True,B,65.22811128184462,5.0
260.0,42.0,49163.46383513441,17.634517448085628,New York,,False,,40.51971425753297,2.0
261.0,,58374.903687825834,64.79828321383204,London,2020-09-17,True,C,,3.0
262.0,,51140.080871186176,126.70232789212518,,2020-09-18,False,C,10.745055262890812,7.0
263.0,2.0,58081.33988669554,28.41420999797959,New York,2020-09-19,False,,1.6912799921607324,5.0
264.0,24.0,36189.89610380951,102.33615524613529,,2020-09-20,True,,90.95644273803012,6.0
265.0,32.0,52540.41236054117,109.84137455189628,Paris,2020-09-21,,,,7.0
266.0,22.0,28794.282546425296,17.75725437985096,Paris,2020-09-22,,C,81.96770027804591,2.0
267.0,51.0,48331.60907976949,83.2605387708658,Tokyo,2020-09-23,,C,,7.0
268.0,,36441.38537802815,147.6774632041396,London,2020-09-24,False,C,21.143125799891116,5.0
269.0,30.0,38967.050861153504,69.0940945159936,,2020-09-25,False,,26.51707411833556,5.0
270.0,36.0,68541.39762815656,1.2176955887700334,Paris,2020-09-26,False,,66.28597876346657,7.0
271.0,,66369.65180891403,0.9079563850904285,Tokyo,2020-09-27,True,A,96.54486346006212,6.0
272.0,20.0,59137.071813607654,44.16561918201067,Tokyo,2020-09-28,False,B,91.58143481907439,
273.0,46.0,33615.308529911315,260.63161770524016,London,2020-09-29,True,A,50.28755200655849,0.0
274.0,35.0,45253.87325457797,25.964777096391696,London,2020-09-30,True,,79.51102825267246,7.0
275.0,25.0,68196.46549968775,100.611612505522,New York,2020-10-01,,C,13.574585309990105,5.0
276.0,39.0,52125.753704598574,25.112627973050973,Paris,2020-10-02,,,97.74381842040123,
,36.0,84789.94309972541,38.81213685465557,New York,2020-10-03,,B,96.43532340359864,6.0
278.0,28.0,55899.76759091558,188.41517017541253,,2020-10-04,True,A,16.372895787917095,8.0
279.0,35.0,52880.73674735047,130.5125305626397,,,True,A,29.94231248031066,4.0
280.0,31.0,45363.25303696248,10.026162303666899,,2020-10-06,True,C,10.015499750676693,6.0
281.0,36.0,52003.11357173423,55.98443507801786,London,,False,A,27.17175988981797,4.0
282.0,41.0,47712.952454291844,2.960365980225214,,2020-10-08,True,A,81.59557894152066,1.0
283.0,50.0,60621.630150328856,65.56397546358058,,2020-10-09,,,37.83156071652595,3.0
284.0,22.0,64350.53475191876,108.59942668955456,,2020-10-10,,A,8.839696714675839,4.0
285.0,56.0,38210.158092380756,12.613325343695841,Tokyo,2020-10-11,True,A,,5.0
286.0,,30031.50569663333,34.092103232703444,,2020-10-12,True,A,98.138333424128,4.0
287.0,33.0,22456.919403450553,50.722648428285034,,2020-10-13,,C,62.96835952592029,5.0
288.0,,57619.86990368816,251.988356829711,,2020-10-14,True,C,,2.0
289.0,37.0,33449.50090739189,499.8956075902351,New York,,,,16.653851349727,2.0
290.0,28.0,17706.64110571276,4.595106218168274,Tokyo,2020-10-16,,A,98.61767972836948,5.0
,32.0,55828.67906796446,,London,2020-10-17,,C,82.08490092631287,
292.0,30.0,87394.99276149186,46.4775824305489,New York,2020-10-18,False,,28.14773024509194,5.0
293.0,29.0,49908.9363269016,49.83342768841731,Paris,2020-10-19,True,,7.006869572118946,6.0
294.0,43.0,62577.36161677463,140.3501450995342,Tokyo,2020-10-20,True,B,5.662555737755803,4.0
295.0,38.0,51227.440378213476,250.62499928371724,Tokyo,2020-10-21,False,A,12.037814950553383,9.0
296.0,28.0,48516.65520213286,301.4478786587206,Paris,2020-10-22,True,C,58.07685836144216,7.0
297.0,43.0,63786.14724481653,86.06729434454637,Paris,2020-10-23,False,,92.87634212054924,2.0
298.0,38.0,,44.1799000649414,,2020-10-24,True,,49.674342800598446,3.0
299.0,43.0,54010.88471107854,154.90443095770988,London,2020-10-25,,,84.29454824561972,4.0
300.0,41.0,,28.90181422787728,,2020-10-26,True,C,44.588661985980785,6.0
301.0,26.0,199893.21597677135,830.2828409517736,Tokyo,2020-10-27,,A,70.85835457678252,7.0
302.0,29.0,64880.635243047844,44.40684118766536,,2020-10-28,,B,73.18727372865008,4.0
303.0,42.0,47375.60364956887,106.89498229877938,,2020-10-29,False,A,17.396370590333866,5.0
304.0,41.0,,27.496186888850964,Paris,2020-10-30,True,,36.121605897581176,5.0
305.0,34.0,58047.64765355605,21.26895672844426,London,2020-10-31,False,,63.73021565380239,3.0
306.0,36.0,36522.98027313444,250.39559817896867,New York,,True,B,7.069660818436619,3.0
307.0,47.0,50422.717360536924,10.736661870379178,London,2020-11-02,,A,36.15401877629566,7.0
308.0,29.0,49863.21505033695,70.51345584098176,,2020-11-03,,,53.479946628119244,3.0
309.0,40.0,66288.43348747367,,London,2020-11-04,True,,99.62244930446387,8.0
310.0,32.0,57120.47349319929,3.970799371386665,Paris,2020-11-05,True,A,47.45335626224407,8.0
311.0,32.0,49624.595618822845,3.66835056113271,New York,2020-11-06,False,,81.60567571143235,5.0
312.0,45.0,62266.494488004304,19.264074345832686,Paris,2020-11-07,True,A,43.206728506661776,5.0
313.0,43.0,70853.1132352597,201.56809818707225,,2020-11-08,True,,79.6390722619709,3.0
314.0,43.0,58367.154595277934,33.195270666804944,,2020-11-09,True,A,59.54148016201084,3.0
315.0,48.0,50155.28929765071,300.49581125357594,New York,2020-11-10,False,B,88.65954415023984,6.0
316.0,35.0,30322.456514747606,87.13706491738637,New York,2020-11-11,True,,41.09425523501099,5.0
317.0,41.0,34023.29505386941,57.379060981508765,New York,2020-11-12,,B,60.43044198214788,4.0
,31.0,45421.629434679984,86.77121011941033,London,2020-11-13,False,,63.00186806188274,6.0
319.0,38.0,40857.31696761075,72.71143589950866,London,,False,,41.73829418004733,3.0
320.0,33.0,47195.43045521831,142.20303685493482,,2020-11-15,,C,14.431204368748151,12.0
321.0,35.0,,33.19768483987264,New York,2020-11-16,,A,9.355940691233556,1.0
322.0,40.0,57945.391315350964,43.54868725226266,Tokyo,2020-11-17,,,1.66715505996331,6.0
323.0,26.0,48942.518329113635,224.52062273805205,,2020-11-18,True,B,87.35342642452146,1.0
324.0,55.0,57297.52465739303,292.72611169441507,New York,2020-11-19,,B,,6.0
325.0,24.0,,223.08062291973073,New York,2020-11-20,True,A,21.150674928176805,
326.0,,20368.00150469193,54.3775893497494,London,2020-11-21,False,C,73.60354004260655,4.0
327.0,46.0,35909.96909271869,151.57904915515272,,2020-11-22,False,B,32.00161130873917,3.0
328.0,42.0,47838.686664175766,64.69045124116816,New York,2020-11-23,,A,50.60446924118366,3.0
329.0,41.0,31854.578857383385,68.82389499473696,,2020-11-24,True,,16.25110652974563,5.0
330.0,41.0,58998.93094994307,22.90108667160451,,2020-11-25,,B,95.97457214619692,5.0
331.0,34.0,72961.26248515546,89.43587635739941,Tokyo,2020-11-26,,B,85.15814000172374,5.0
332.0,26.0,68281.42777545974,,,2020-11-27,True,C,86.37896229650033,9.0
333.0,35.0,46798.35693604688,40.28156695729184,,2020-11-28,,B,40.67737485720052,3.0
334.0,28.0,72360.89205274929,193.12298452903548,Tokyo,2020-11-29,False,B,76.23612137071729,3.0
335.0,44.0,52230.01185803167,23.202765991310308,,2020-11-30,,,14.387615538978016,6.0
336.0,33.0,44943.71043322941,7.381693700302627,New York,2020-12-01,True,A,0.8619002591780278,6.0
337.0,26.0,40798.960046885906,7.150415706895464,,2020-12-02,True,A,1.9972932578028124,3.0
338.0,31.0,45462.95470267808,282.6572293283546,Tokyo,2020-12-03,False,C,58.660173740456045,
339.0,39.0,44177.34772188157,70.70847345157996,Paris,2020-12-04,True,,45.53949052479408,4.0
340.0,29.0,52556.243335632316,,,2020-12-05,True,A,51.801534890851975,1.0
341.0,26.0,52408.60971574797,166.5366041661833,London,2020-12-06,,,0.7463140417219405,7.0
342.0,37.0,,180.68279988809698,New York,,,A,42.268661965742574,7.0
343.0,37.0,56554.072546195246,40.375312406288764,New York,,False,,71.80681612008608,2.0
344.0,29.0,67859.69412179512,,London,2020-12-09,,C,44.26937019674359,5.0
345.0,30.0,64243.312031619855,147.4569733059262,London,2020-12-10,False,B,73.22192063122223,6.0
346.0,37.0,27726.53047325145,106.31988723472206,,2020-12-11,,C,23.30189643968348,
347.0,20.0,11691.182976470678,16.439725102804932,London,,False,A,,3.0
,20.0,64014.79866858911,208.65312827419478,Paris,2020-12-13,,C,58.84312404534523,4.0
349.0,27.0,29496.819523768685,77.45623605709238,Tokyo,2020-12-14,False,B,21.076309942990623,10.0
350.0,32.0,46628.518971609745,33.194390194044374,London,2020-12-15,,C,23.672047585383293,4.0
351.0,38.0,32448.304609109608,55.37821611877681,London,2020-12-16,,A,62.8030464569537,4.0
352.0,49.0,22970.293436299704,3.8295075702702275,Paris,2020-12-17,True,A,82.99395932124433,4.0
353.0,43.0,58121.94092307182,13.6813115846664,New York,2020-12-18,,C,41.56277820291552,7.0
,33.0,61387.327404539705,145.04990735121405,New York,,,B,,8.0
355.0,34.0,41352.34398909921,0.0011634823050432324,,,,C,86.70116069106004,6.0
356.0,24.0,11134.365617826348,53.882365021327104,Paris,2020-12-21,,B,66.9268291750835,6.0
357.0,34.0,41806.33327621276,73.9212440933873,Tokyo,2020-12-22,False,,44.80854872830765,3.0
358.0,32.0,55877.060081038195,5.6183569156496915,Tokyo,2020-12-23,,,48.790019527930184,5.0
359.0,38.0,27816.32646838807,361.48175362787754,Paris,2020-12-24,False,,20.42564679363964,6.0
360.0,26.0,52750.39879668733,25.63453451831128,,2020-12-25,True,C,62.680263006484395,2.0
361.0,40.0,248851.76131202534,362.6911761341702,New York,2020-12-26,,B,35.87425105428886,8.0
362.0,50.0,58689.37249401632,36.23230247239586,Tokyo,2020-12-27,True,,99.56451766743493,5.0
363.0,33.0,51793.705526212296,26.190603022539467,Tokyo,2020-12-28,,,48.01835152618879,4.0
364.0,39.0,35403.96588677667,0.1474909230385058,Paris,2020-12-29,,,,4.0
365.0,41.0,67948.57252496737,,Paris,2020-12-30,,A,56.58517874106719,2.0
366.0,30.0,47622.05640459545,340.6576818902749,Tokyo,2020-12-31,False,C,91.67560031187467,5.0
367.0,37.0,49590.43190735102,25.3981030444211,London,2021-01-01,True,,80.08180998597503,5.0
368.0,35.0,36000.98061390206,108.78123934605873,Paris,2021-01-02,,B,45.113006979784146,4.0
369.0,35.0,43350.766232127346,135.43939412806242,,2021-01-03,False,,71.8699265972796,2.0
370.0,27.0,36727.95928959649,188.66772280370347,,2021-01-04,,A,58.62354987807616,4.0
371.0,35.0,47405.809101148654,54.927057938722555,New York,2021-01-05,False,C,49.23670487012489,4.0
372.0,39.0,75675.62720213515,36.08707420593492,Tokyo,2021-01-06,,A,19.231577278435054,1.0
373.0,49.0,29421.482856029656,39.34799193146354,London,2021-01-07,,A,46.39362634548909,8.0
374.0,44.0,25796.579031848883,124.69545359924233,New York,2021-01-08,True,A,24.581858702257463,4.0
375.0,56.0,72067.55491240413,169.70647506300529,Tokyo,2021-01-09,,B,91.48421498516547,10.0
376.0,27.0,46860.14484272201,20.042113164163982,Paris,2021-01-10,False,C,33.540681349634696,
377.0,43.0,39963.908920101254,46.35302399667804,,2021-01-11,,C,95.22640145333723,3.0
378.0,36.0,65598.57031094114,232.21777491770328,London,2021-01-12,False,B,53.30552900947112,6.0
379.0,56.0,40915.766903947035,164.34783687293708,,2021-01-13,,C,63.15443786761603,4.0
380.0,26.0,77390.14570320403,,Paris,2021-01-14,False,A,54.29404444893278,3.0
381.0,26.0,60168.88807008904,140.34334383200408,Tokyo,2021-01-15,True,C,12.93806169667009,2.0
382.0,29.0,42681.32887781446,49.95481228836644,Paris,2021-01-16,,B,37.5821219007941,3.0
383.0,13.0,82359.62319898256,,,2021-01-17,True,A,9.914611227762393,5.0
384.0,29.0,204571.38077474962,1081.7972204129242,,2021-01-18,True,B,62.29540441833817,3.0
385.0,27.0,61131.430580139604,8.170455545483112,London,2021-01-19,,,44.68741952004389,4.0
386.0,36.0,54489.38870609738,78.63528863524105,Paris,2021-01-20,,A,77.79849715709368,3.0
387.0,38.0,,123.55351233568277,,2021-01-21,False,A,22.047048099936983,6.0
388.0,53.0,73422.66795090279,18.310743031294468,London,,False,C,16.45660584293349,5.0
389.0,44.0,,151.70033059741118,Tokyo,2021-01-23,True,,40.63322309637678,5.0
390.0,29.0,38698.73194480725,87.65239671469428,Tokyo,2021-01-24,False,B,92.65853832183811,
391.0,26.0,56899.582144086744,304.1185511110514,New York,2021-01-25,False,C,71.04218150124117,4.0
392.0,39.0,39834.26945371841,4.33484105221125,,2021-01-26,,,41.89236247929187,6.0
393.0,,80200.80871289935,30.8328602809438,,2021-01-27,False,B,51.727216975431055,4.0
394.0,53.0,52048.02996624106,,Paris,2021-01-28,True,,8.421301117709834,6.0
395.0,46.0,44520.17673031837,35.17725691046352,Tokyo,2021-01-29,False,,98.4575896376113,4.0
396.0,30.0,52770.204587973625,125.3247660188759,London,2021-01-30,True,,66.6407304694919,5.0
397.0,17.0,29793.10565705455,142.29802649098477,,2021-01-31,,A,28.540406846342247,5.0
398.0,48.0,35425.789422340225,10.815994603859409,New York,2021-02-01,True,B,58.58083942152443,4.0
399.0,33.0,68006.20861916638,72.12472435450759,Tokyo,2021-02-02,False,,10.948236606899398,5.0
400.0,47.0,40146.58581542906,71.10882749898155,London,,,A,96.58366688075836,3.0
401.0,19.0,34296.3352597709,46.08944761872568,London,2021-02-04,False,C,17.478498788336594,4.0
402.0,29.0,58049.79128790929,270.19418337671755,London,2021-02-05,,,64.80303180552141,6.0
403.0,35.0,67785.56231994496,175.73946801280817,,,,B,24.545446253893044,6.0
404.0,35.0,60784.299659976,119.47137417483798,,2021-02-07,False,A,71.75613826485358,1.0
405.0,30.0,64940.715287087245,125.29062038255496,,2021-02-08,False,,77.68213672402811,3.0
406.0,41.0,38648.073671458085,61.93692442292759,Paris,2021-02-09,,C,67.34197289114327,4.0
407.0,24.0,28672.839998872343,253.8238075712038,London,2021-02-10,,C,61.44994602551925,6.0
408.0,33.0,72520.0047793323,118.6117913334209,Tokyo,,False,,89.24690939520117,4.0
409.0,36.0,45159.802417367966,130.55665773552832,,2021-02-12,True,C,7.862671098975804,3.0
410.0,40.0,46237.50475317429,197.82642708715719,,,False,B,33.09147657801952,14.0
411.0,42.0,69922.91212773586,32.03038769287745,London,2021-02-14,,B,24.828747963084595,5.0
412.0,23.0,58343.4501410099,,,2021-02-15,False,B,98.80139620654217,4.0
413.0,19.0,56838.31658122411,,Paris,2021-02-16,True,C,38.93897796668735,5.0
414.0,47.0,82475.03517351625,42.364224416601445,Paris,2021-02-17,False,B,73.26126992403988,5.0
415.0,38.0,40347.22654429785,40.88866362702279,,2021-02-18,,A,,7.0
416.0,27.0,63917.60192121856,,London,2021-02-19,False,B,21.208123747737773,7.0
417.0,50.0,50855.19687345627,194.16796763724423,London,2021-02-20,,B,23.899768021155133,7.0
418.0,36.0,54028.88418294885,120.7879965984888,London,2021-02-21,,C,28.12845635530341,2.0
419.0,46.0,72927.02639618798,129.84914234202142,New York,,,B,41.112727825937924,5.0
420.0,35.0,,82.5702579684131,,2021-02-23,,,23.43250656505268,3.0
421.0,55.0,58074.441185744494,293.91755305092016,London,2021-02-24,,A,1.9651482746847804,7.0
422.0,52.0,66087.61005964704,,Paris,2021-02-25,True,C,87.93930568071954,2.0
423.0,32.0,44525.70905685672,47.88711656821709,Tokyo,2021-02-26,True,A,96.5609831380884,6.0
424.0,44.0,37411.85498991491,17.797342794015172,Tokyo,2021-02-27,True,,34.15703870315679,4.0
425.0,41.0,34327.862089684495,154.27407178831197,London,2021-02-28,True,C,33.85068794254729,8.0
426.0,48.0,20504.65115935997,132.59292819722023,Tokyo,2021-03-01,,C,0.7091812774370987,5.0
427.0,,,48.50848428490843,Tokyo,2021-03-02,False,B,68.02506883303741,1.0
428.0,41.0,33451.87451417475,2.5516200954391075,New York,2021-03-03,,A,82.54398957486288,2.0
429.0,45.0,233405.9782310671,1826.3343161106418,Paris,2021-03-04,,,14.660830036000316,3.0
430.0,17.0,45847.80050166619,1.1483669104263554,Paris,2021-03-05,,,15.966634936715074,6.0
431.0,23.0,54611.10046713651,121.6382080660238,New York,2021-03-06,False,C,79.00832499714377,8.0
432.0,14.0,62236.05818808945,351.51651579398117,New York,2021-03-07,True,B,61.629074835414464,4.0
433.0,32.0,62907.10232539618,57.56509916369589,Tokyo,2021-03-08,,C,4.486055762771701,3.0
434.0,42.0,41253.83842146592,,,2021-03-09,,C,62.25469904622817,6.0
435.0,50.0,47493.174293203825,122.03427641197982,Tokyo,2021-03-10,True,C,30.891772284376607,6.0
,35.0,54238.69925732449,169.89696010093255,New York,2021-03-11,,C,36.872515547084596,8.0
437.0,51.0,,79.06063631889005,Paris,2021-03-12,,,76.97314182968802,6.0
438.0,21.0,74110.18364029989,,Tokyo,2021-03-13,,,81.09351926726106,6.0
439.0,17.0,57364.62427457377,5.305138804256164,,2021-03-14,,C,40.03566268398306,5.0
440.0,34.0,,70.27846689285737,Tokyo,2021-03-15,True,C,94.71529360063548,4.0
441.0,38.0,59943.21903001119,126.7459247349778,London,2021-03-16,,,40.64627179520722,5.0
442.0,34.0,67602.10786227987,198.5153492430679,Tokyo,2021-03-17,,C,77.18360352301099,5.0
443.0,14.0,52715.3233805556,19.75435601599549,New York,2021-03-18,False,,48.38772645642591,6.0
444.0,34.0,30547.5207806623,160.94553214040425,Paris,2021-03-19,True,A,89.7532326522084,11.0
445.0,21.0,55995.31927628962,80.45415873998299,,2021-03-20,True,,90.77612436501786,
446.0,41.0,40229.64659312257,50.50981935027793,New York,2021-03-21,False,B,8.741680787108386,7.0
447.0,38.0,42070.74977375365,14.123531011449272,London,2021-03-22,,,,7.0
448.0,25.0,58795.4602813264,200.46737106042548,New York,2021-03-23,,A,82.55348415204156,4.0
449.0,29.0,68574.24607150453,17.1112463876311,Tokyo,2021-03-24,True,C,79.13107143126669,8.0
450.0,24.0,50319.073651040926,37.07562782224325,New York,2021-03-25,,A,20.091133968552242,6.0
451.0,34.0,54632.49518898446,34.255444052772084,New York,2021-03-26,,C,80.51192087546649,2.0
452.0,44.0,75533.22416952858,205.115760370031,London,2021-03-27,True,C,85.01327346850368,4.0
,25.0,53611.297692328524,111.68872457261294,Tokyo,2021-03-28,,,28.915033445415094,0.0
454.0,40.0,89025.24671270592,159.29810583106408,,2021-03-29,True,,95.22600783623237,6.0
455.0,29.0,58482.64468447316,28.830613219322625,,2021-03-30,,,4.986014639916425,0.0
456.0,27.0,23588.558612662735,98.04935749765662,Paris,2021-03-31,,B,,7.0
457.0,33.0,61300.12431656799,84.8038762122536,New York,2021-04-01,False,,53.75811380515143,9.0
458.0,24.0,55717.37577324166,178.87462741929176,Paris,2021-04-02,,B,57.579247112230966,7.0
459.0,29.0,69346.29131124119,236.53871012100743,London,2021-04-03,False,,,2.0
460.0,23.0,60097.72026904937,1.2231269408971248,,2021-04-04,,C,,4.0
461.0,54.0,47923.16024024339,112.0919000889536,New York,2021-04-05,True,B,96.03667746221302,8.0
462.0,35.0,31635.526455659514,5.322758404622274,London,2021-04-06,True,A,4.458809273414399,5.0
463.0,28.0,46864.65114070962,79.59746073698895,London,2021-04-07,,B,14.306195272340238,5.0
464.0,37.0,37242.1931868605,33.9161670569886,,2021-04-08,,B,1.401451752605698,6.0
465.0,33.0,41292.14825292916,36.64029645294619,London,2021-04-09,True,A,56.685843329409465,2.0
466.0,32.0,58828.67606630914,43.534484967911716,New York,2021-04-10,,B,93.22668839209723,4.0
467.0,41.0,375242.8378263555,970.9910051382611,New York,2021-04-11,False,C,66.59471660804643,7.0
468.0,42.0,55920.07294734471,40.6540634782834,Tokyo,2021-04-12,False,,82.26574684804274,3.0
469.0,29.0,32061.754069472234,131.93801039927686,Paris,2021-04-13,False,A,1.3281203458580082,6.0
470.0,29.0,56669.040023302114,51.83998787738292,London,2021-04-14,False,,54.20152984797261,2.0
471.0,32.0,67949.47229968477,7.080150641358879,London,2021-04-15,False,,45.95629775055219,
472.0,11.0,40853.25643520927,153.13656485833334,Tokyo,2021-04-16,,A,49.8967944220793,10.0
473.0,19.0,47989.742499906235,,Tokyo,2021-04-17,,,7.221318533518795,5.0
474.0,48.0,50220.32292093796,56.69849126609429,Tokyo,2021-04-18,False,,68.44353610693075,4.0
475.0,51.0,38226.5253037664,115.65927870318258,,2021-04-19,,C,50.322041485863444,4.0
476.0,32.0,59724.20650765789,40.415020869049776,,,,,76.51488498612639,8.0
477.0,40.0,48185.77777088327,5.824970382389809,,2021-04-21,False,C,48.52906340617154,9.0
478.0,38.0,56292.98665860542,46.827879285214735,New York,2021-04-22,,B,14.938163622643208,7.0
479.0,,36687.6173329685,289.04462491680323,London,2021-04-23,,C,64.8256954077822,7.0
480.0,,43438.125495148844,102.64806606711122,Paris,2021-04-24,,B,17.238636210516624,3.0
481.0,33.0,60835.72036741657,111.31549686950414,New York,2021-04-25,False,A,87.23945633548149,8.0
482.0,25.0,44407.502718623495,100.04393567361384,London,2021-04-26,,,61.311623906924154,7.0
483.0,18.0,75904.45776850107,22.18845179287726,London,2021-04-27,True,C,15.720388355695425,2.0
484.0,37.0,44005.45721578097,54.185864551089225,Tokyo,2021-04-28,True,C,96.23380574812069,5.0
485.0,27.0,53370.27088627829,,Tokyo,2021-04-29,False,,51.83654633353206,7.0
486.0,20.0,63988.86247809635,10.688712205436364,New York,2021-04-30,,,,6.0
487.0,28.0,28724.514006004523,32.5526249643295,Tokyo,2021-05-01,False,A,62.68329044150672,1.0
488.0,,23587.86782028836,32.3404741308102,,2021-05-02,True,A,25.31989070128102,3.0
489.0,51.0,27115.15528144858,56.56671840459809,Tokyo,2021-05-03,True,C,80.36934518773025,4.0
490.0,43.0,68938.76155140773,393.06321332796557,,2021-05-04,True,A,81.78220735661907,4.0
491.0,34.0,41722.127811613296,6.9888858496122985,Tokyo,2021-05-05,False,,97.89473558546618,3.0
492.0,49.0,88372.98928502378,73.12665687059473,London,2021-05-06,False,A,50.186953102450374,7.0
493.0,35.0,41536.286020139174,19.76764606755113,New York,2021-05-07,,A,45.495687972773716,9.0
494.0,26.0,52768.269547955555,352.93675852257735,Paris,2021-05-08,False,C,75.34756054464806,4.0
495.0,50.0,73131.64928851814,12.02525251555425,Tokyo,2021-05-09,True,B,13.247065634192657,3.0
496.0,40.0,80091.39332238684,51.68453767797387,London,2021-05-10,True,A,54.69155137931242,4.0
,24.0,,133.8971882367708,Paris,2021-05-11,False,B,,4.0
498.0,33.0,68125.49345889714,121.92706487031559,Paris,2021-05-12,False,B,8.947312281038721,6.0
499.0,26.0,65360.93788717194,54.94428230199097,,2021-05-13,False,B,41.798408550691356,3.0
500.0,21.0,58887.90423801775,42.54497289318204,Paris,2021-05-14,,,85.3284798567202,10.0
501.0,44.0,,50.68541514341259,London,2021-05-15,True,,85.61536219946603,5.0
,54.0,41732.214255072,30.690058827003934,London,2021-05-16,,,9.9237664919681,5.0
503.0,21.0,37727.016748665395,22.98320428713375,Tokyo,2021-05-17,,,9.072088274783086,3.0
504.0,40.0,49949.38313883572,65.97891918683801,Tokyo,2021-05-18,True,C,26.26954770019353,2.0
505.0,28.0,47447.23066212607,31.27042059539351,Tokyo,2021-05-19,True,A,87.47660625539935,7.0
506.0,30.0,43201.579260090875,33.89215646337138,Paris,2021-05-20,False,,12.890258507349895,5.0
507.0,29.0,60445.81171185073,106.9313899383184,Paris,2021-05-21,False,C,71.99968026274462,4.0
508.0,26.0,64329.57812855766,345.8953569306316,,2021-05-22,,A,10.116561961310321,6.0
509.0,35.0,51326.10329437771,92.54253269426673,Tokyo,2021-05-23,False,,62.31378537478254,5.0
510.0,26.0,72162.95121582893,8.010379885994508,New York,2021-05-24,False,A,35.60672991191448,4.0
511.0,37.0,32874.66328799742,7.859267448855108,,2021-05-25,True,,78.8913962965867,7.0
512.0,,47095.10811080423,302.46096574324304,New York,2021-05-26,True,C,23.36904488253636,4.0
513.0,32.0,39247.66519095792,35.281211471835945,Paris,2021-05-27,False,B,63.920182938995985,2.0
514.0,25.0,22001.9507439041,9.658467632080676,,2021-05-28,True,B,23.568253457588494,
515.0,29.0,48759.78971235951,91.3905047758824,,,False,A,71.36602831121537,8.0
516.0,42.0,48173.78737425074,97.72324713005838,London,,True,C,87.36780345607488,5.0
517.0,40.0,72701.74614863197,104.55592808231317,Paris,2021-05-31,True,B,12.680179912676003,6.0
518.0,,59462.17526832166,31.115819666956597,Paris,2021-06-01,True,,86.65956885955035,2.0
519.0,35.0,34637.19763506192,1.5226013884891114,,2021-06-02,True,B,59.35752544142979,3.0
520.0,42.0,77811.38849501283,335.2846441207963,Paris,2021-06-03,False,A,12.711049086702397,3.0
521.0,18.0,341577.5271644015,288.87350951926584,,,,A,42.7541855359712,7.0
522.0,40.0,58731.465552029236,112.70929024461608,London,2021-06-05,True,C,16.08602934850979,5.0
523.0,28.0,46602.738517252525,122.63202244500762,,2021-06-06,False,A,70.03478888665695,2.0
524.0,40.0,35608.4114491478,94.16275581918198,Paris,2021-06-07,False,B,75.88681344179497,2.0
525.0,27.0,,37.52861984840892,Paris,2021-06-08,True,B,10.579652027279895,7.0
526.0,16.0,66331.22929556279,31.621359103256598,,2021-06-09,,B,50.613985269464436,8.0
527.0,18.0,78268.79458901913,91.04783632203589,,2021-06-10,True,B,81.46250560259172,4.0
528.0,35.0,73148.65292408284,201.06294174939902,,2021-06-11,,C,93.61630415509966,4.0
,37.0,42667.258673205884,293.2451960942563,Tokyo,2021-06-12,,,51.351786674177,4.0
530.0,25.0,33205.73850066483,11.194414515742714,Paris,2021-06-13,False,,95.02792236114071,3.0
531.0,,52113.29370366806,16.821584686309702,Paris,2021-06-14,True,C,53.56889704560298,4.0
532.0,18.0,,289.5638259698919,Tokyo,2021-06-15,,A,,6.0
533.0,34.0,54847.515712771725,133.38356138087227,,2021-06-16,False,,84.82031285528954,5.0
,22.0,47785.96120551997,214.5528566344447,London,2021-06-17,False,A,49.2982710458089,5.0
535.0,28.0,43009.452471976365,22.643977054999205,,2021-06-18,False,,47.190251056452304,3.0
536.0,35.0,26079.453990998067,88.57272672647089,,2021-06-19,True,A,49.03124894098283,6.0
537.0,26.0,57704.00159854575,120.77786855710812,Tokyo,2021-06-20,,,84.67850018697453,4.0
538.0,31.0,210047.43702535663,1139.7839863491777,Paris,2021-06-21,,B,83.19415416880521,2.0
539.0,45.0,32451.24746434568,52.45049115039434,,2021-06-22,True,A,40.35199924402112,5.0
540.0,29.0,6916.066800775261,1.5514623464414974,Paris,2021-06-23,True,B,33.3299859870525,7.0
541.0,43.0,49587.27642424046,87.44917510906713,New York,,,A,49.19280240391293,8.0
542.0,23.0,76583.77395004616,29.182603237851453,Paris,2021-06-25,True,A,57.277250973710906,0.0
543.0,40.0,74918.88821821805,59.82993733477004,London,2021-06-26,True,A,23.833721062799697,5.0
544.0,49.0,43143.55615120592,316.01592595005434,London,2021-06-27,True,A,,4.0
545.0,10.0,40966.81909457329,50.921911096971215,,2021-06-28,,A,48.648276573242285,6.0
546.0,27.0,57031.613841125356,183.13422735144417,Paris,2021-06-29,False,B,33.40455484199596,4.0
547.0,40.0,,20.892093117129654,,2021-06-30,True,A,10.68209929639906,7.0
548.0,32.0,54526.87849729199,111.61466144629726,Tokyo,2021-07-01,False,B,23.884516040360694,2.0
549.0,38.0,61491.204175770356,377.25634756856647,London,2021-07-02,True,C,94.92811717559837,3.0
550.0,28.0,68403.99835826461,10.746617642062763,,2021-07-03,,,30.50996868195266,3.0
551.0,35.0,48497.68885280071,0.8354746125244857,Tokyo,,False,A,16.885928936703532,5.0
552.0,33.0,46944.893747345515,56.84243568250689,,2021-07-05,False,,46.06727916549932,6.0
553.0,46.0,36830.261198651584,9.719999573861,,2021-07-06,False,,30.70877433602487,9.0
554.0,37.0,37596.7946894021,137.98525528957612,Paris,2021-07-07,False,C,3.5159250271194153,6.0
555.0,38.0,46602.8166214771,245.9808232896316,Paris,2021-07-08,,C,32.314521727941724,7.0
556.0,30.0,277552.41301121336,569.1982557212377,Paris,2021-07-09,True,C,54.41086239394686,2.0
557.0,30.0,63703.76939349874,29.936558249531924,New York,2021-07-10,False,,55.17123720199669,2.0
558.0,30.0,37952.31573979482,56.98740325333455,Tokyo,2021-07-11,,B,35.65589211768887,8.0
559.0,38.0,72390.32853439283,,Tokyo,2021-07-12,False,A,44.73027562526006,8.0
560.0,30.0,45933.14598436147,0.909539960722861,Paris,2021-07-13,True,A,96.55179182347663,8.0
561.0,37.0,49679.490584773455,89.0267272289478,New York,2021-07-14,False,B,37.73484772303116,7.0
562.0,55.0,38791.82481278265,95.00845778521457,Paris,2021-07-15,,,25.822681325998296,6.0
563.0,43.0,13636.396095905875,101.52502413531678,New York,2021-07-16,True,A,24.34670440667601,2.0
564.0,,63260.68094541575,27.71010230264016,,2021-07-17,,B,,7.0
565.0,47.0,61052.6584563865,125.19478326323366,London,2021-07-18,True,,75.9520148716944,6.0
566.0,30.0,45780.0866432268,9.5840955605836,London,2021-07-19,True,C,20.59881841884732,5.0
567.0,14.0,51004.86075837308,22.22318875893984,,2021-07-20,True,A,70.92961271407681,6.0
568.0,24.0,57739.08826556149,209.9399761780521,Paris,2021-07-21,False,,2.1149823349416286,4.0
569.0,16.0,26561.81214670186,134.21747086453294,Tokyo,2021-07-22,,B,41.8932977983946,4.0
570.0,31.0,,1.3840898858926483,,2021-07-23,,,77.58650652027869,4.0
571.0,35.0,61913.970194327405,28.55194264836808,London,2021-07-24,,B,33.873295577443145,5.0
572.0,51.0,31185.658652461258,24.131577425847265,Paris,2021-07-25,True,,56.37371014453995,4.0
573.0,38.0,54403.368982499436,31.58159142692778,,2021-07-26,False,B,20.49792328259108,7.0
574.0,32.0,29651.272930648924,28.443371445712245,Paris,2021-07-27,True,A,74.19953911261723,
575.0,43.0,56996.449736502895,6.45665703233147,London,2021-07-28,,A,5.227910326875962,4.0
576.0,12.0,49465.37776553775,61.422605534213545,,2021-07-29,False,C,85.25426448755003,1.0
577.0,37.0,25773.022761417356,131.95088966992705,London,2021-07-30,False,B,19.819638642166815,6.0
578.0,42.0,67471.09031685758,93.32632656949174,New York,2021-07-31,False,,87.43980317083307,1.0
579.0,20.0,38981.12634802926,111.7402734303147,London,2021-08-01,,A,35.25292413005173,6.0
580.0,46.0,37846.213444784284,8.463149682819497,Paris,2021-08-02,False,,72.26835744744866,6.0
581.0,38.0,53008.53795846414,302.5999956634014,Tokyo,2021-08-03,False,C,31.922529778618845,0.0
582.0,30.0,67229.56024143074,,London,2021-08-04,True,,90.59116712346476,6.0
583.0,,34762.67271532405,163.52189994881977,Tokyo,2021-08-05,True,,12.663712551837436,1.0
584.0,57.0,50925.197747719576,173.1514053654731,New York,2021-08-06,False,B,17.85197892725987,4.0
585.0,36.0,56432.24750495859,269.8751193196384,,2021-08-07,False,C,49.303012515880226,6.0
586.0,37.0,60396.584108947165,78.58195678500353,,2021-08-08,True,,8.193843903814614,7.0
587.0,30.0,52646.62332915838,22.349613579934704,Tokyo,2021-08-09,True,,19.598018470176193,6.0
588.0,26.0,44494.58241375016,95.91554567975783,,2021-08-10,True,B,94.37663822120143,3.0
589.0,43.0,37586.146690269205,135.82181862348355,London,2021-08-11,,B,97.64896611478872,7.0
590.0,26.0,51292.158245695624,133.90955323734005,Tokyo,,,A,37.62593293304219,6.0
591.0,35.0,33917.9148202159,73.69925411967152,Paris,2021-08-13,True,,92.32860210139357,5.0
592.0,30.0,6179.742747580887,7.091477358703707,London,2021-08-14,False,A,54.48246756734317,7.0
593.0,39.0,,46.38035907562944,London,2021-08-15,True,,26.974246587376705,4.0
594.0,38.0,63559.02261629293,253.53574587032662,,2021-08-16,,A,70.23987210805987,7.0
595.0,45.0,14556.01346687242,87.81497113730818,Paris,2021-08-17,False,B,65.89018065748571,1.0
596.0,29.0,34854.03942935094,77.29091380348862,New York,2021-08-18,,C,98.91253191087334,2.0
597.0,32.0,59287.31391507797,31.314144858586385,,2021-08-19,False,,26.50472874092833,2.0
,25.0,80862.43204567548,45.95764535531472,Tokyo,2021-08-20,,A,67.20595026617355,6.0
599.0,30.0,50311.905615131116,225.70964600590057,New York,2021-08-21,False,A,5.202375502944689,8.0
600.0,38.0,39079.955881562986,109.80016177460652,Tokyo,2021-08-22,False,C,11.36460386967194,6.0
601.0,42.0,47256.553383427396,154.82817930749604,,2021-08-23,False,,0.3918374951093262,0.0
602.0,25.0,70623.14628722277,60.57691464212985,Paris,2021-08-24,False,A,99.94606810596731,10.0
603.0,43.0,40310.53731313197,99.49206573550218,London,2021-08-25,,A,80.22736971474778,2.0
604.0,48.0,38012.119900246194,28.552920319633817,London,2021-08-26,,A,78.67230147335408,5.0
605.0,39.0,42758.847167269516,122.23432806039843,Paris,2021-08-27,False,C,50.97260752881797,8.0
606.0,53.0,35700.07087611932,55.79195613223623,New York,2021-08-28,False,B,30.006708290543994,5.0
607.0,27.0,51840.054739921936,58.437441990397524,New York,,,A,15.126428446267592,4.0
608.0,22.0,74370.17687704341,104.78877810532038,Tokyo,2021-08-30,False,C,28.467473884646367,3.0
609.0,17.0,54846.18909674043,275.32665471097386,Paris,2021-08-31,False,A,37.597122192913915,7.0
610.0,49.0,46214.69746810569,6.614658309229908,New York,2021-09-01,False,,75.6310096980294,7.0
611.0,41.0,45622.83096626684,174.15031652071517,Paris,2021-09-02,True,C,53.96617889031524,3.0
612.0,34.0,26552.137869550144,34.58524481461356,,2021-09-03,False,A,7.748362655548268,3.0
613.0,37.0,63246.646657207384,58.684212922789634,London,2021-09-04,True,C,1.802900895891224,2.0
614.0,23.0,,2.2156991989469392,London,2021-09-05,False,A,10.233217953406315,2.0
615.0,59.0,47292.80129614061,35.81704585696388,London,2021-09-06,,B,41.049871369737936,7.0
616.0,36.0,97896.61351767291,69.84235614676292,Paris,2021-09-07,True,A,93.31929170490183,4.0
617.0,36.0,54481.2936254853,5.7815652847955,Paris,2021-09-08,True,C,63.74024812092216,1.0
618.0,42.0,38723.134248572234,67.54953535639746,Tokyo,2021-09-09,False,,80.18258998755151,3.0
619.0,39.0,43604.63605691685,261.8812451124578,London,2021-09-10,False,,46.637459450454855,10.0
620.0,37.0,67226.68563795132,11.137100709082457,Tokyo,2021-09-11,True,,36.16660831950428,3.0
621.0,27.0,51699.056158066465,144.57927117388013,London,2021-09-12,,A,10.840037271662272,6.0
622.0,39.0,28425.830325239498,52.707536079732506,Tokyo,2021-09-13,,B,87.5933022186205,4.0
623.0,53.0,63788.43401862805,106.47145091201232,Tokyo,2021-09-14,False,A,78.31600290279029,5.0
624.0,48.0,39977.83871691509,30.14248709145652,,2021-09-15,,,16.811809759772512,
625.0,50.0,78099.46664326318,17.37491203951833,Tokyo,2021-09-16,,C,51.22605638762605,7.0
626.0,29.0,,17.490427012821893,Paris,2021-09-17,False,,48.73748079212449,
627.0,,43290.17156511873,7.309980660067168,Tokyo,2021-09-18,,C,62.50915526865286,2.0
628.0,33.0,69215.2454260267,20.53609836776891,London,2021-09-19,False,B,94.61868939912613,
629.0,,51017.83265791105,109.12972637863321,Tokyo,2021-09-20,True,C,57.97714417624796,3.0
630.0,45.0,62791.605126833296,213.44521522581948,New York,,False,A,54.02172667786186,2.0
631.0,18.0,57270.99225941712,168.26845626614076,London,2021-09-22,True,A,5.032293293466394,7.0
632.0,50.0,186523.2508756845,1155.609111636457,New York,2021-09-23,True,A,6.290747601802393,6.0
633.0,33.0,40346.75251523807,11.701917381063149,London,2021-09-24,,C,18.734679132678888,3.0
634.0,30.0,65449.412263717415,34.13465214844297,Paris,2021-09-25,,A,3.247077169174828,5.0
635.0,24.0,44978.37001840189,37.078382971596355,Paris,2021-09-26,,A,74.33528955700123,7.0
636.0,18.0,43945.27305137005,28.76246692962019,Paris,2021-09-27,False,A,72.3330303993963,4.0
637.0,43.0,35673.16130975971,72.36180576173268,New York,2021-09-28,,B,13.605623443164294,4.0
638.0,,56353.98598390192,76.69095829398441,,2021-09-29,True,C,83.60789007952809,3.0
639.0,22.0,80937.87378864718,44.14332379172578,London,2021-09-30,,C,15.478603484611197,6.0
640.0,22.0,33987.006286185904,43.66294487848321,Paris,2021-10-01,,,30.11755869973588,4.0
641.0,31.0,50363.29185009137,176.34962509770875,London,,False,C,24.8976899161365,5.0
642.0,51.0,71183.30833123144,155.72860162690782,New York,,False,B,37.23070985730478,7.0
643.0,32.0,48805.37913131427,36.787432595670374,,2021-10-04,True,C,25.466376588996187,4.0
644.0,19.0,56785.57694374601,245.09510485028332,New York,2021-10-05,False,B,48.8950926438452,
645.0,32.0,34064.0970777968,305.3679593846005,London,2021-10-06,,B,40.74078813546854,1.0
646.0,32.0,56424.60645811473,39.562746978779025,,2021-10-07,False,C,,5.0
647.0,8.0,47192.83602493177,,,2021-10-08,True,,5.592635012822567,8.0
648.0,34.0,64785.94993519795,,New York,2021-10-09,,A,14.218137638735161,5.0
649.0,32.0,67810.79077347126,283.2267604481353,Paris,2021-10-10,True,A,5.282589390860249,5.0
650.0,41.0,88843.45463027922,209.0053110892787,London,2021-10-11,False,C,62.58411949823758,3.0
651.0,,58694.497598203634,10.821788581405427,Tokyo,2021-10-12,False,C,5.450927741371958,3.0
652.0,46.0,54886.944748732494,49.87830002340476,,2021-10-13,True,B,83.64397373761233,6.0
653.0,32.0,52915.76452366004,80.60274314681737,New York,2021-10-14,,C,51.19386306819278,5.0
654.0,23.0,44702.505607839674,69.94318327840682,London,2021-10-15,False,B,52.70076245815337,7.0
655.0,60.0,55077.25765192536,21.550166000817743,London,2021-10-16,False,,56.15945077121942,
656.0,,45568.97884791456,195.7696736955853,New York,2021-10-17,,C,17.081370630621073,8.0
657.0,35.0,52526.91464404421,112.99196381880567,,2021-10-18,False,A,19.769030311448756,8.0
658.0,34.0,69763.9630341194,181.95935162994408,,2021-10-19,True,A,31.88173228730047,8.0
659.0,36.0,34901.86152080538,195.7325006805428,New York,2021-10-20,,C,59.34964158218514,9.0
660.0,33.0,67098.17841693568,137.97393071697513,Paris,2021-10-21,False,B,21.011777594021453,
661.0,29.0,69756.72601009798,57.84098472380772,London,2021-10-22,,A,11.633172713326124,3.0
662.0,29.0,48228.97209513382,94.30114594270498,New York,2021-10-23,True,B,97.01168864184322,4.0
663.0,34.0,18172.17651487108,17.47884890733034,London,,,C,2.1981814809622913,5.0
664.0,29.0,40882.670193583515,111.97708122495568,New York,2021-10-25,False,C,80.26974053360216,6.0
665.0,27.0,,19.754068939390216,London,2021-10-26,False,A,78.8035149575022,7.0
666.0,36.0,49656.97906551677,118.40054537024763,Paris,2021-10-27,,C,29.7214113845096,4.0
667.0,32.0,35010.466515576336,26.084303111006463,Paris,2021-10-28,,,13.56266160073134,6.0
668.0,50.0,42428.376181576736,12.505462234616282,London,2021-10-29,,,14.562864670542341,13.0
669.0,8.0,62609.300397568295,18.06643189430485,New York,2021-10-30,True,A,69.74316172371925,3.0
670.0,45.0,58201.00352302069,0.1994122159710626,Tokyo,2021-10-31,False,,64.28065910861737,7.0
671.0,,46416.01851245458,126.8474411846264,Paris,2021-11-01,,B,78.27456742513867,7.0
672.0,14.0,44497.63382277969,131.82658709838014,Paris,2021-11-02,False,A,93.74811723991047,2.0
673.0,31.0,44123.62776434267,72.34689746270512,Tokyo,2021-11-03,True,A,69.1927363266592,5.0
674.0,31.0,36163.84723252246,17.597708684075492,London,,True,B,,2.0
675.0,20.0,74230.63534204163,8.72525015240209,New York,,True,,24.344261676541066,4.0
676.0,27.0,45165.192961829904,1.9314292317149664,London,2021-11-06,True,,84.21937308731145,3.0
677.0,23.0,68257.37781238244,18.121997611506792,,2021-11-07,False,,20.93060758342086,3.0
678.0,52.0,72819.74077883677,221.50829071496347,Paris,2021-11-08,,A,7.252231695448142,1.0
679.0,44.0,64974.66347221941,27.646105316183544,,2021-11-09,True,A,70.32800540422505,7.0
680.0,47.0,,43.73758746010938,Paris,2021-11-10,,,40.2526355490142,4.0
681.0,,56055.95135504914,11.131765141096672,Paris,2021-11-11,True,,92.00400525459035,9.0
682.0,23.0,49637.06590413626,,,2021-11-12,,,65.02550710936616,4.0
683.0,29.0,36444.47208904808,73.23550010191644,,2021-11-13,True,B,9.041897779166074,6.0
684.0,39.0,54865.389225824045,93.58627276617398,London,2021-11-14,True,A,94.78565672536607,3.0
685.0,22.0,32314.40313260296,28.150427992378695,,2021-11-15,,B,25.85572636402459,8.0
686.0,,67815.19082692346,5.946571278768154,London,2021-11-16,True,B,,6.0
687.0,,43030.7405405241,49.59909850233758,London,2021-11-17,False,A,40.2260413683542,5.0
688.0,31.0,53017.39483809259,26.683864178505583,London,2021-11-18,False,C,5.122429640431325,3.0
689.0,42.0,54249.31807319213,24.788962947202297,Paris,,True,,49.65154222306049,11.0
690.0,39.0,46116.42539443884,321.5451761506007,Paris,2021-11-20,False,B,12.331849107529225,7.0
691.0,31.0,58800.40702212912,95.78955481509968,,,,A,40.097032668835176,6.0
692.0,46.0,42876.44515066213,81.39111519309452,Paris,2021-11-22,,B,35.07097879920843,6.0
693.0,24.0,63069.45946185866,53.74692735779752,,2021-11-23,True,,77.28400834265034,6.0
694.0,41.0,29810.304796298773,56.026858446347205,Paris,2021-11-24,,C,80.3170511632731,6.0
695.0,40.0,51895.693693196175,77.84981270198163,New York,2021-11-25,,C,15.3412882389088,5.0
696.0,31.0,79083.93498587428,119.21424169238051,New York,2021-11-26,,C,36.65511873792262,8.0
697.0,,34995.03013091638,121.11521683350459,,2021-11-27,True,A,37.33531610318317,6.0
698.0,22.0,,18.83725162262277,Paris,2021-11-28,,A,15.141044393608505,8.0
699.0,44.0,57708.617744883726,69.33727101430839,Paris,2021-11-29,,C,79.84535050511906,13.0
700.0,33.0,,53.09570666740723,London,2021-11-30,False,,70.72283283354233,4.0
701.0,29.0,55259.45148910339,204.42826532666186,Tokyo,2021-12-01,False,,19.038178629703474,1.0
702.0,45.0,,99.80945677237099,,2021-12-02,True,A,36.6721908593799,4.0
703.0,27.0,59520.82202842655,76.0364628507229,Tokyo,2021-12-03,False,C,10.580502485651422,2.0
704.0,20.0,66645.49762934334,12.261365679360686,Tokyo,2021-12-04,False,,62.820659709304394,7.0
,19.0,56147.279853927685,93.04857291327357,,2021-12-05,,,12.137192454861967,4.0
706.0,41.0,,12.466102880534773,Paris,2021-12-06,,,98.59341686249178,5.0
707.0,22.0,60088.60551804097,41.12919143687304,,2021-12-07,False,A,78.06820746878623,8.0
708.0,52.0,78498.22902342823,15.413297226742525,Tokyo,2021-12-08,False,C,39.023854958399504,6.0
709.0,14.0,48010.493804261394,117.78946383162885,Paris,2021-12-09,,B,57.85639322793544,5.0
710.0,51.0,35382.06042994038,23.09893918794464,New York,2021-12-10,True,C,91.13418162164088,2.0
711.0,37.0,66606.2100393046,49.73491296616848,,2021-12-11,True,C,55.40992803958261,6.0
712.0,34.0,48194.282540696026,226.024212088713,,2021-12-12,True,A,17.44984863979552,5.0
713.0,29.0,17409.95680978946,22.855363873015357,Paris,2021-12-13,False,,37.87033555811593,6.0
714.0,38.0,62711.325157256324,70.88804294949689,New York,2021-12-14,False,,84.31448650297455,3.0
715.0,34.0,41970.07721069116,54.34722066342405,New York,2021-12-15,True,,64.42130159896179,6.0
716.0,46.0,48642.00076543759,1.8290293316565152,Paris,2021-12-16,True,A,65.07243843338003,6.0
717.0,36.0,54979.70495853522,157.38686344559244,London,2021-12-17,False,A,86.68214856884892,4.0
718.0,36.0,52857.495196685995,7.1545311529372,,2021-12-18,,A,89.39730574625047,7.0
719.0,31.0,60641.77725708559,64.29390145675242,,2021-12-19,True,A,91.97925717794362,4.0
720.0,34.0,43467.70444145235,82.25233209326528,Tokyo,2021-12-20,False,,9.48491932531561,0.0
721.0,38.0,57696.58697264124,99.00084710640918,Paris,2021-12-21,False,C,54.41260019631009,9.0
722.0,17.0,46106.79983624124,,Tokyo,2021-12-22,,C,74.05095212183186,1.0
723.0,21.0,61082.157213312545,29.20547969219945,Tokyo,2021-12-23,False,,75.69268451270138,6.0
724.0,42.0,59230.5122601958,1.0028898364548042,New York,2021-12-24,False,,60.67162019700039,4.0
725.0,36.0,35968.41946933107,128.53407259893984,,2021-12-25,True,B,,5.0
726.0,,66289.73174262549,76.71309128726944,Tokyo,2021-12-26,True,C,79.74205539416643,6.0
727.0,35.0,41960.54832328928,180.86068113128852,New York,2021-12-27,,,72.01113335149458,8.0
728.0,38.0,62120.86697421718,172.2541455331446,Paris,2021-12-28,,B,8.613577154903629,4.0
729.0,29.0,55509.30970102011,185.3589136467921,Tokyo,2021-12-29,False,B,46.380982467437626,5.0
730.0,27.0,77572.75515192683,66.37722009982694,,2021-12-30,True,,17.39773995218036,10.0
731.0,36.0,46648.01026442222,40.59077998369884,Tokyo,2021-12-31,,,33.74770457129719,5.0
732.0,25.0,44760.24805822704,156.80954258319292,Paris,2022-01-01,,,,7.0
733.0,39.0,49708.70591168401,60.019270603227056,Tokyo,2022-01-02,,C,40.032986841075825,6.0
734.0,17.0,45452.303257485866,20.2657574715429,,2022-01-03,False,,54.987692115621044,4.0
735.0,45.0,,193.08423771734564,New York,2022-01-04,True,B,61.95825928270868,3.0
736.0,39.0,25755.34087345118,214.1826664834698,,2022-01-05,,C,66.34903451287101,5.0
737.0,37.0,34194.76371280469,62.79396760045075,New York,2022-01-06,True,C,83.629131310246,4.0
738.0,44.0,33982.9561763121,7.871828968795786,London,2022-01-07,,A,21.546290727573002,4.0
,51.0,64254.61387960364,,,2022-01-08,,A,12.048182243846794,5.0
740.0,,75659.20058872888,162.72845172494382,,2022-01-09,True,B,85.15371718979256,2.0
741.0,16.0,48433.261721937924,232.0484623499767,Paris,2022-01-10,True,,15.661281489264988,7.0
742.0,22.0,47467.67415214984,22.74939286200851,Tokyo,2022-01-11,True,,97.47600813361953,3.0
743.0,28.0,51050.78244669772,6.9321795603634735,New York,2022-01-12,,B,84.2538229398637,5.0
744.0,35.0,67428.17453912286,209.84242028041427,New York,2022-01-13,,C,50.08766058895991,6.0
745.0,40.0,36089.70298714139,49.332128744462594,Paris,2022-01-14,False,B,98.14214249220252,8.0
746.0,27.0,53575.53474102178,78.03643189371356,Paris,2022-01-15,True,B,9.737672910800422,5.0
747.0,36.0,64627.96444673645,344.40781205292114,Tokyo,2022-01-16,,C,30.306576117510165,3.0
748.0,27.0,57516.41254909768,6.888365735912734,Tokyo,2022-01-17,False,,63.822441504061146,3.0
749.0,28.0,264218.62124490575,1045.0279419847498,,2022-01-18,,B,35.00068684731787,5.0
750.0,20.0,65015.69138850712,7.699489809012497,London,2022-01-19,False,,92.83725519807918,7.0
751.0,25.0,9451.515605011446,47.07541963972017,Tokyo,2022-01-20,True,B,6.562608817781756,5.0
752.0,,60168.12979296361,162.8694869122148,Paris,2022-01-21,False,C,54.941183206096454,5.0
753.0,25.0,40188.864753088645,56.822918427952,Tokyo,2022-01-22,,C,59.08662673951145,10.0
754.0,,22540.506547153145,587.1853459960934,New York,2022-01-23,,A,65.27281237772242,2.0
755.0,25.0,57668.03899287471,81.88448455577073,London,2022-01-24,,C,25.566622333181442,6.0
756.0,61.0,70604.87817744436,38.73729908946474,,2022-01-25,,A,36.45664275198644,7.0
757.0,39.0,,24.860409500367002,New York,2022-01-26,True,B,84.36805296649777,4.0
758.0,36.0,64293.118208044085,43.15840589003817,,2022-01-27,False,,19.494276897015983,11.0
759.0,26.0,74184.17386982968,46.60646352937562,London,,True,C,82.68678471733621,5.0
760.0,42.0,69723.7168037607,7.118850626264504,,2022-01-29,True,C,56.26554229027424,4.0
761.0,29.0,74599.46794057089,46.13598139707214,Paris,2022-01-30,True,C,76.21875111940821,1.0
762.0,36.0,61131.91236607838,62.406621646648134,,2022-01-31,,B,71.36073662634715,11.0
763.0,60.0,51131.50458352389,128.2791477852921,Tokyo,2022-02-01,,A,20.7511495384879,3.0
764.0,34.0,25970.512821542474,106.9236468375308,New York,2022-02-02,,B,56.88127364338729,2.0
765.0,46.0,46309.062678050774,123.36270274066668,Tokyo,2022-02-03,False,,86.77231528050923,7.0
766.0,27.0,37351.30107025713,0.8398853712116788,Paris,2022-02-04,,B,43.211623680192936,5.0
767.0,34.0,82564.1407624672,24.547530863034297,Tokyo,2022-02-05,,,96.65907702233167,1.0
768.0,52.0,47361.712813514954,108.3775761471237,,2022-02-06,,C,45.221510010171805,6.0
769.0,28.0,51848.072101767284,66.16279094100244,Tokyo,2022-02-07,,,14.278563666788468,4.0
770.0,53.0,58272.280640607016,0.5327642385473204,Paris,2022-02-08,True,,38.94346800776732,9.0
771.0,42.0,50654.03669558681,163.2167495491405,Paris,2022-02-09,True,,95.17024063905372,4.0
772.0,29.0,,148.19667289838773,Paris,2022-02-10,True,,31.97208493398542,9.0
773.0,41.0,40660.25957398322,79.5000881162235,,2022-02-11,False,,86.80981598670628,5.0
774.0,44.0,52919.11182855864,6.8775029976427895,Paris,2022-02-12,False,B,88.12506816818897,2.0
775.0,41.0,38862.94121452927,145.46376559099792,New York,2022-02-13,,C,35.01865243319611,8.0
776.0,19.0,30199.662331689415,87.63817645917182,Paris,2022-02-14,False,B,8.325765805063213,2.0
777.0,27.0,40823.46363642072,152.3076642025281,Tokyo,2022-02-15,,B,72.45579091588182,7.0
,32.0,49444.44804427382,139.33068609070432,Tokyo,2022-02-16,False,C,31.1512299013986,9.0
779.0,34.0,43560.4666322411,162.4562067851931,Tokyo,2022-02-17,False,C,78.29236142575724,3.0
780.0,41.0,39613.68530189216,72.98279003508777,,2022-02-18,False,,44.26548482604331,3.0
781.0,36.0,28905.23804492249,15.120030768442408,Tokyo,2022-02-19,True,,48.52667423426216,6.0
782.0,21.0,48753.41641056958,111.21762852941026,,2022-02-20,False,A,77.79094067485369,7.0
783.0,38.0,27429.194389534965,96.88316069352844,,2022-02-21,True,B,38.23633310616279,2.0
784.0,41.0,61400.83945534404,135.57775216283963,Paris,2022-02-22,True,C,,9.0
785.0,40.0,51236.59629401755,18.618622226351217,New York,2022-02-23,False,,37.619046876962216,5.0
,45.0,28136.72750802604,21.688219446083686,Paris,2022-02-24,,C,36.734051527728,5.0
787.0,43.0,45361.863844252046,221.10047441814586,Paris,2022-02-25,,,52.594657690145944,3.0
788.0,39.0,,138.62055588712101,,2022-02-26,,A,80.87994445011508,6.0
789.0,34.0,54787.61765628771,238.84533639455606,,2022-02-27,False,A,36.176831192256586,6.0
790.0,18.0,70106.75669034716,142.17778026227808,Tokyo,2022-02-28,,C,52.42547205377367,4.0
791.0,39.0,21872.41295531383,,Tokyo,2022-03-01,True,A,67.07273254426008,6.0
792.0,37.0,51725.39118721126,106.17002105589255,Paris,2022-03-02,,C,26.9439446303655,8.0
793.0,37.0,47598.00806650039,219.93782101996536,,2022-03-03,,,27.752280490239258,
794.0,22.0,60070.101146756984,86.46635352040354,London,2022-03-04,,B,93.34131270234548,6.0
795.0,24.0,53197.94942356534,100.07362879314059,Tokyo,2022-03-05,True,A,72.35345733310886,4.0
796.0,45.0,38720.460023917716,17.016777335054286,London,2022-03-06,False,,57.71866762233089,9.0
797.0,34.0,,64.23043058166897,,2022-03-07,,B,64.7720054420612,5.0
798.0,41.0,38059.612147947664,126.01803008714285,,2022-03-08,False,B,2.9299443103418366,7.0
799.0,35.0,66140.10707897898,31.600294692998553,Paris,2022-03-09,False,B,61.81029655616969,2.0
800.0,35.0,50319.67473007913,22.596525423179266,New York,2022-03-10,False,,50.95088732242019,4.0
801.0,44.0,78517.86028629511,37.662521697529925,Paris,2022-03-11,,,54.574967977943565,4.0
802.0,29.0,49090.08779278069,27.641330813434568,Tokyo,2022-03-12,False,C,35.94238268308171,7.0
803.0,35.0,39373.898496343056,24.196027699254998,Tokyo,2022-03-13,,B,8.14738977129419,3.0
804.0,30.0,,55.31258681164361,Paris,2022-03-14,True,B,19.33392336120522,4.0
805.0,30.0,22952.904856160825,238.42129567688883,Tokyo,2022-03-15,,B,95.07447132126717,3.0
806.0,31.0,26237.960854917652,70.7367099558632,London,2022-03-16,True,C,40.8699562270934,3.0
807.0,37.0,54006.89976517225,20.815689044425852,London,2022-03-17,,B,46.66831558308642,2.0
808.0,30.0,288154.37674224505,,Tokyo,2022-03-18,False,,,10.0
809.0,47.0,,119.12413448538466,Tokyo,2022-03-19,,,3.756622954398059,3.0
810.0,26.0,63425.57471114173,48.25601566098269,London,2022-03-20,,A,71.71814470467577,2.0
811.0,33.0,213770.42112374207,1725.0224411216059,Tokyo,2022-03-21,True,,53.80946641211113,6.0
812.0,30.0,52201.89517978324,107.73717798567641,Tokyo,2022-03-22,,C,50.87059842162667,4.0
813.0,49.0,74183.30942383136,159.0819567208323,Paris,2022-03-23,False,B,24.312453042266867,6.0
814.0,36.0,63452.58973798298,31.73801118543719,New York,2022-03-24,True,A,74.47507316299222,2.0
815.0,,45972.04028141251,117.88215082024153,London,2022-03-25,True,C,16.82365791084919,4.0
816.0,20.0,36632.11661877069,30.660938213368084,Paris,2022-03-26,,C,18.993474366102003,9.0
,37.0,17722.768980060428,279.80046593510536,New York,2022-03-27,True,,46.07121713482755,10.0
818.0,43.0,39212.7002113637,101.16301863237578,Tokyo,2022-03-28,False,C,28.62798621119409,5.0
819.0,35.0,46833.046417584585,,Tokyo,2022-03-29,True,C,24.746298123314638,2.0
820.0,45.0,35192.30709273224,31.40422865163482,Paris,2022-03-30,True,C,64.52376445533316,3.0
821.0,29.0,48031.145493615426,21.186561829269568,Tokyo,2022-03-31,False,C,65.09717452185446,7.0
822.0,49.0,255763.89122190763,1186.2670107574804,,2022-04-01,True,B,82.45170697999292,6.0
823.0,57.0,46627.16027287882,24.681606353752038,Paris,2022-04-02,True,B,41.77085669729759,4.0
824.0,31.0,40249.961287648104,90.46172971291463,New York,2022-04-03,True,B,7.308509102615024,2.0
825.0,30.0,52529.82007950092,30.7388341009099,Paris,2022-04-04,True,B,27.366638492145768,7.0
826.0,49.0,56629.109743541136,108.46175084116823,London,2022-04-05,False,A,98.00054631968169,
827.0,50.0,33644.01383835731,168.70737152896345,Paris,2022-04-06,True,B,59.62585752327021,7.0
828.0,29.0,,150.51916114338843,Tokyo,2022-04-07,False,C,70.97370848010203,7.0
829.0,30.0,48521.17801573608,143.066987412652,Tokyo,2022-04-08,True,B,0.7357829625414536,3.0
830.0,32.0,50282.744344172716,20.79131323319335,,2022-04-09,True,B,51.820573218252086,3.0
831.0,21.0,60623.21634884836,9.253746900507979,,2022-04-10,True,,3.7528657531803122,4.0
832.0,25.0,53498.24196895253,120.0475023657181,,2022-04-11,True,C,56.9230212091448,5.0
833.0,24.0,64297.04950869868,45.9415424719779,New York,2022-04-12,False,B,92.07708496360753,2.0
834.0,27.0,271534.3123901368,566.2435996412855,,2022-04-13,False,,96.84191305004079,4.0
835.0,34.0,40813.43938039343,3.164454146130381,New York,2022-04-14,False,,54.055267538892416,7.0
836.0,37.0,55422.55287809153,30.053289067824746,,2022-04-15,,A,45.8204805252216,5.0
837.0,50.0,32844.10689019007,3.4256515227579785,New York,2022-04-16,True,B,94.5017094248494,6.0
838.0,25.0,51628.39558664785,211.35012239367893,Paris,,True,,67.3609831996695,4.0
839.0,44.0,49501.550140333085,27.89161829949456,Paris,2022-04-18,False,,6.489927953840946,9.0
840.0,32.0,46878.2471409119,81.49469038555038,Tokyo,2022-04-19,,C,46.57255776674975,2.0
841.0,34.0,48071.93732841604,3.975935168054596,New York,2022-04-20,True,B,24.02450184643039,
842.0,41.0,21772.264317535413,109.91546096145082,London,2022-04-21,False,B,46.98043214486815,4.0
,23.0,41769.12638388558,39.01243994323304,Tokyo,2022-04-22,True,B,45.54655720063617,3.0
844.0,38.0,51392.673517116724,228.19904946609674,Paris,2022-04-23,True,C,58.2144802814742,6.0
845.0,36.0,52397.84587996101,219.03122232037413,New York,2022-04-24,False,C,,7.0
846.0,39.0,34584.87288611063,39.3473226542136,,2022-04-25,False,A,16.427044945592804,8.0
847.0,37.0,,,London,2022-04-26,True,,50.37194345899563,
848.0,59.0,37007.377276782485,556.1677236148372,Paris,2022-04-27,True,A,83.0202884345762,5.0
849.0,28.0,64541.85800790105,174.53473539422617,Tokyo,2022-04-28,False,,66.40122280676023,4.0
850.0,29.0,56407.91542807527,186.350049185203,New York,2022-04-29,True,A,33.836786592521584,3.0
851.0,28.0,40306.59035234295,28.63612599209348,London,2022-04-30,True,C,93.55230227588572,7.0
852.0,29.0,76629.66338914268,85.96797985106654,New York,2022-05-01,False,A,91.22075712491822,4.0
853.0,28.0,32095.447523652798,6.96244072573011,,2022-05-02,,,,8.0
854.0,46.0,63787.31260415002,9.972966184805468,Tokyo,2022-05-03,True,B,3.9417585120362975,8.0
855.0,49.0,65008.734770644674,,New York,2022-05-04,,,74.13087083507622,1.0
856.0,29.0,39940.69686385033,39.54740594095893,Paris,2022-05-05,False,B,82.76102613491533,5.0
857.0,26.0,70886.97950096492,137.9056267629112,Tokyo,2022-05-06,,C,,4.0
858.0,39.0,46249.302281015705,164.33311177315946,Paris,2022-05-07,,,88.98363940883107,3.0
859.0,29.0,54330.40443919785,195.20921151433254,,2022-05-08,,A,60.053476820641485,2.0
860.0,41.0,53904.82758156831,604.4147186043234,Tokyo,2022-05-09,True,,53.00523392123808,8.0
861.0,37.0,47985.368877941786,27.64078463965971,Paris,2022-05-10,True,,2.784105126258629,8.0
,19.0,62162.124097396736,4.118750595694294,,2022-05-11,,C,24.665644684477783,3.0
863.0,50.0,61902.33080828319,52.965430609138274,,2022-05-12,,A,45.96147517329264,4.0
,52.0,23772.02040142729,13.935479557395638,New York,2022-05-13,,,62.85039000835678,12.0
865.0,28.0,69565.10364317229,2.2681173282547915,Tokyo,2022-05-14,,B,55.725183331841066,
866.0,31.0,25062.620179464884,44.695424252533286,London,2022-05-15,,A,74.26359896816905,3.0
867.0,37.0,65488.19306512486,153.1265804358061,Tokyo,2022-05-16,,C,27.976693088704085,4.0
868.0,38.0,66900.57705241375,83.51271708032459,,2022-05-17,False,A,56.49526076524732,3.0
869.0,41.0,33635.50354677203,37.50978791544164,Paris,2022-05-18,False,C,8.814224339079214,4.0
870.0,55.0,43837.78568068123,106.23054479496665,,2022-05-19,True,A,41.366552358320696,6.0
871.0,33.0,33414.42997271096,26.398921839175493,New York,2022-05-20,False,,75.0160832954601,4.0
872.0,,46776.18454566897,1.4485861372039344,London,2022-05-21,False,B,69.3400853429044,3.0
873.0,21.0,,144.542199633491,New York,2022-05-22,False,,99.0642737172179,8.0
874.0,27.0,61694.907984040095,97.7483083988966,London,,True,,27.7891125987756,2.0
875.0,34.0,69654.63119179412,143.67569459094216,,2022-05-24,False,C,49.81892991739792,3.0
876.0,52.0,70935.25716184934,3.971637332766473,New York,2022-05-25,True,C,32.95304137739967,7.0
877.0,29.0,41567.47960132547,181.47392606929003,London,2022-05-26,,C,44.060311405917474,3.0
878.0,37.0,,96.633796091396,London,2022-05-27,False,,85.6950129869388,7.0
879.0,34.0,24748.427116685747,82.87271860742521,New York,2022-05-28,,A,68.42090751884867,5.0
880.0,46.0,37911.94900255717,97.98005772521859,,2022-05-29,False,A,88.24411913475817,2.0
881.0,60.0,64472.77449646186,199.82911169332198,London,2022-05-30,,,20.351110833188645,9.0
,29.0,74233.74235322347,88.41539606919447,Tokyo,2022-05-31,True,,87.3361117841438,4.0
883.0,30.0,31484.76692180117,86.9765940983819,Paris,2022-06-01,True,B,5.976227417838443,3.0
884.0,45.0,41113.036112706584,467.55022107870525,New York,2022-06-02,True,C,88.85992804371524,1.0
885.0,41.0,49603.91364561609,141.35840281196997,New York,2022-06-03,,C,32.90737794607279,2.0
886.0,53.0,54202.4173822941,58.39229883345892,Paris,2022-06-04,,,31.458763341406648,6.0
887.0,40.0,37855.94720117531,122.89385376562178,,2022-06-05,,,51.20885766986639,10.0
888.0,31.0,,49.303559504810856,Paris,2022-06-06,True,A,94.06901877232318,6.0
889.0,40.0,42892.409793936255,25.990539120417445,London,2022-06-07,,,4.778136468140537,6.0
890.0,46.0,49783.215936825814,90.84512334188312,Paris,2022-06-08,False,A,35.22309750707453,2.0
891.0,43.0,58194.26372005549,263.3621504116234,New York,2022-06-09,,,85.65719886833357,4.0
892.0,40.0,50096.33404716407,264.7042405865561,Paris,2022-06-10,True,B,39.60544774354668,5.0
893.0,45.0,,41.8406403770263,Tokyo,2022-06-11,,B,19.9156897597067,8.0
894.0,46.0,,75.00931924870726,London,2022-06-12,,A,42.47941813314118,5.0
895.0,48.0,48674.55561191997,23.77952381875633,Paris,2022-06-13,False,C,38.55525014916693,
896.0,,44449.83455176809,543.3246192014816,New York,2022-06-14,False,B,91.54162014667034,1.0
897.0,33.0,46118.059059993466,396.9541312324312,London,2022-06-15,True,A,76.19343757430971,7.0
898.0,36.0,73979.70755757076,104.8420049886096,New York,2022-06-16,False,,50.51155557440063,7.0
899.0,47.0,58413.791719118584,163.17554037065764,,2022-06-17,False,,98.8370566721571,4.0
,26.0,45567.795229562595,125.5617603584788,Tokyo,2022-06-18,True,A,46.527753127592334,4.0
901.0,,60454.316067661035,89.93309136890181,,,True,C,5.823783082027523,4.0
902.0,31.0,44992.70765365985,,Tokyo,2022-06-20,True,A,26.22743218149849,9.0
903.0,35.0,67596.86956379961,60.65371787904519,Paris,2022-06-21,False,A,43.60704802193126,1.0
904.0,47.0,55544.63288297141,112.32727809391316,London,2022-06-22,False,B,,3.0
905.0,36.0,48390.467839936566,113.1750175097633,Paris,2022-06-23,False,A,94.7565126324043,4.0
906.0,35.0,56715.75388715416,46.700432114634786,Tokyo,,True,A,76.68488978177731,3.0
907.0,21.0,26436.85771897251,,Tokyo,2022-06-25,,,26.828720042777267,3.0
908.0,42.0,,18.315033882305844,Tokyo,2022-06-26,False,B,59.08045335179158,8.0
909.0,41.0,32091.12490401417,69.38663315181398,New York,2022-06-27,,,72.1449157109572,11.0
910.0,56.0,52144.1464214556,117.40385921414737,London,2022-06-28,True,,94.1278928906798,4.0
911.0,31.0,75987.72499227637,119.44707782097186,Paris,2022-06-29,,C,88.16353491754107,2.0
912.0,37.0,83469.50219288949,104.5940970982072,Paris,2022-06-30,,C,51.51922261382137,3.0
,37.0,59570.76652161136,32.19812389614336,,2022-07-01,False,B,77.46526197930176,4.0
914.0,50.0,57512.66712416685,16.984756397095726,Tokyo,2022-07-02,False,B,56.2144753827585,
915.0,34.0,22984.133987708916,101.04374874923896,Tokyo,2022-07-03,False,C,55.27038900455401,7.0
916.0,37.0,,,Tokyo,2022-07-04,,C,11.47419583381919,2.0
917.0,41.0,38183.24372137642,19.76658936465737,Paris,2022-07-05,True,C,12.613765801615207,11.0
918.0,,40687.28602623326,122.12517138184886,,2022-07-06,False,C,52.95336150224574,5.0
919.0,30.0,,60.72851152877793,New York,2022-07-07,True,C,26.886154497900662,5.0
920.0,36.0,,110.18994603112151,London,2022-07-08,True,,2.103690246046863,4.0
921.0,45.0,20310.502844363185,181.62596409227902,New York,2022-07-09,,B,72.28392039002122,4.0
922.0,24.0,61218.65384176301,18.60024372223012,Paris,2022-07-10,,,,4.0
923.0,36.0,33908.854613902906,1.9330504120641034,Tokyo,2022-07-11,True,,59.52768411040545,3.0
924.0,27.0,53588.702961667244,151.0056877070906,London,2022-07-12,False,A,53.91937941273144,5.0
925.0,46.0,81111.2400462496,94.08330077192397,Paris,2022-07-13,,,,9.0
926.0,19.0,36209.23112620365,120.2772090878001,Paris,2022-07-14,False,C,48.421313934764164,5.0
927.0,29.0,12045.687158805056,182.11160373501085,,2022-07-15,False,C,6.360143637779736,2.0
928.0,38.0,45709.936671798336,162.35922887795354,London,,False,A,55.16879678064617,6.0
929.0,50.0,66514.39452497856,324.21482115081915,London,,True,A,84.10961706161014,7.0
,34.0,79375.21181330891,76.77308202762632,,2022-07-18,False,A,99.68492842814399,5.0
931.0,29.0,31556.756083213746,67.03991553276018,,2022-07-19,True,A,43.034317368907246,
932.0,53.0,57450.48834854783,51.39759138744405,,2022-07-20,True,A,32.02987424967425,7.0
933.0,20.0,43020.3431482992,16.687078846063784,London,2022-07-21,False,,90.66532969519989,8.0
934.0,,48410.774685437966,85.00518592211517,London,2022-07-22,False,A,19.124212907612137,7.0
935.0,,89665.15020525552,32.43633796926085,London,,False,,,3.0
936.0,29.0,27455.4450740727,254.22075819010016,,,False,B,40.57144241809477,4.0
937.0,24.0,53806.094922418604,87.51267261114472,Paris,2022-07-25,True,A,4.108236495555529,4.0
938.0,42.0,57015.3975764815,89.85494937326825,Tokyo,2022-07-26,False,A,34.72884743056978,3.0
939.0,37.0,66286.7948740902,43.8388164165674,,,,,26.52285225026746,7.0
940.0,29.0,51469.747302063435,5.338954469916885,London,2022-07-28,True,B,68.60911539434869,7.0
941.0,22.0,54620.75809256153,3.225852154060481,,2022-07-29,,,94.87904976919181,3.0
942.0,43.0,44125.271488673134,55.04940203134059,New York,2022-07-30,,,26.804718737863777,7.0
943.0,41.0,54036.90411867661,8.835632986675682,London,2022-07-31,True,A,81.14659391516817,8.0
944.0,34.0,,93.35563168130257,New York,2022-08-01,,C,5.535981693840952,3.0
945.0,53.0,59323.57834784076,212.84049682314497,London,2022-08-02,True,C,53.81210100398132,4.0
946.0,24.0,44455.84495934549,214.48535451518143,,2022-08-03,False,,7.055006370989458,7.0
947.0,,55656.505908532796,107.60059781094083,Paris,2022-08-04,False,,93.40329911306394,1.0
948.0,28.0,49561.057794725326,23.728283080935125,Tokyo,2022-08-05,,B,76.63512805573902,4.0
,34.0,66890.75376158251,198.77512246541207,New York,2022-08-06,False,C,65.79499112045923,2.0
950.0,37.0,49229.094146172705,217.2376774660524,,2022-08-07,,B,82.38963816246643,2.0
951.0,32.0,23404.512976896778,21.89692570072109,Paris,2022-08-08,,C,64.75197955701631,5.0
952.0,38.0,68928.82251070987,133.72226585696404,,2022-08-09,False,A,96.89443971742911,6.0
953.0,22.0,36414.015487060715,33.76002410770677,New York,2022-08-10,False,,71.39579478647715,5.0
954.0,49.0,40193.504920267704,162.27273894179916,Tokyo,2022-08-11,,B,92.46586095822468,4.0
955.0,34.0,41065.08058934762,589.1763984102353,,2022-08-12,False,B,,5.0
956.0,46.0,70616.57139756226,3.048601746202351,London,2022-08-13,True,,11.706441298186265,7.0
957.0,38.0,17964.886790319568,227.65847094790317,Paris,2022-08-14,False,B,52.81777214230171,4.0
958.0,39.0,97066.22800489991,97.4530554457563,,2022-08-15,False,C,12.68728280630933,2.0
959.0,40.0,65840.85213599078,362.61908617206774,Paris,2022-08-16,True,,59.249347917640506,9.0
960.0,39.0,53348.5837119374,62.55063220133938,London,2022-08-17,False,C,48.24930605276629,4.0
961.0,41.0,49176.5899907557,187.98560713286727,Tokyo,2022-08-18,False,C,,3.0
962.0,48.0,54283.311122864856,6.442553402568435,Tokyo,2022-08-19,,A,1.0046981054831594,4.0
963.0,36.0,57816.836425690075,40.838795057103404,London,2022-08-20,False,C,19.484049165536412,4.0
964.0,42.0,59678.23378925085,6.936780364152464,Paris,,False,A,49.13304319121309,6.0
965.0,34.0,58334.066990051724,370.2699856597469,,2022-08-22,True,B,95.05035615891349,4.0
966.0,49.0,51343.71021882873,169.81265530907294,London,2022-08-23,,B,38.360904035515844,6.0
967.0,28.0,47039.923695390105,191.42486548671397,New York,2022-08-24,,A,42.43720260536347,9.0
968.0,53.0,47730.90074519732,278.0060267792967,Paris,2022-08-25,,C,71.46960890066222,3.0
969.0,34.0,47076.375794709784,8.89443196873209,Tokyo,2022-08-26,False,,60.3792757286118,3.0
970.0,20.0,67006.55145300596,48.71051787210219,London,2022-08-27,,,29.892615009833325,8.0
971.0,36.0,58903.35083421293,7.368409635684103,Tokyo,2022-08-28,True,A,41.08163955674278,6.0
972.0,28.0,,23.672676380501272,Paris,2022-08-29,,B,21.769979885723245,1.0
973.0,43.0,59838.51164794641,26.054143697640793,Tokyo,2022-08-30,True,B,96.60214591302085,7.0
974.0,28.0,52921.04292078162,63.319518216996805,London,2022-08-31,,,13.063438155735973,5.0
975.0,30.0,49719.36865331154,31.274304839958234,Paris,2022-09-01,,A,37.18367845664194,7.0
976.0,16.0,44172.22320366671,10.644789199031331,New York,2022-09-02,True,,2.583897222001119,5.0
977.0,30.0,66861.6907997902,18.33113533939617,London,2022-09-03,,C,22.17794919335464,2.0
978.0,10.0,64212.89693184287,15.931883591295435,,2022-09-04,,C,78.04711383801549,6.0
979.0,19.0,38406.834982645865,361.4766832999243,,2022-09-05,,A,20.117523228887947,7.0
,42.0,56105.78430686802,142.41728043015544,Paris,2022-09-06,False,A,,5.0
981.0,42.0,35425.14898188071,343.4592811184291,London,2022-09-07,True,C,47.44531798445233,6.0
982.0,39.0,29305.727528166044,57.93551856472514,New York,2022-09-08,,B,0.9969234734518495,5.0
983.0,25.0,40599.24163115052,32.624063278218756,New York,2022-09-09,True,A,8.476615442633317,6.0
984.0,34.0,62935.902085741385,160.09401073184702,,2022-09-10,True,C,80.76258695629751,3.0
985.0,34.0,,39.49019720502683,Tokyo,2022-09-11,True,C,77.14733448596064,4.0
986.0,23.0,57696.28130145939,35.579443699212874,Paris,2022-09-12,,B,91.5138820404896,5.0
987.0,50.0,60876.43680271995,,Paris,2022-09-13,,B,85.45154359107495,8.0
988.0,43.0,57742.67430672437,13.88931448469217,Tokyo,2022-09-14,True,B,68.3175563239818,10.0
,32.0,40377.77607165572,29.63368317562342,New York,2022-09-15,False,B,5.233285730066283,5.0
990.0,35.0,56478.83817010911,43.900081917116495,New York,2022-09-16,True,,78.28486179866574,3.0
991.0,37.0,62006.14287841524,112.08401313491106,London,,False,B,84.55108108405605,7.0
992.0,14.0,61314.36994720361,6.460768856366412,,2022-09-18,True,,79.90821457719545,2.0
993.0,32.0,67833.70057211965,23.63642352748415,,,True,A,50.847903530802604,6.0
994.0,28.0,,165.56056297563987,,2022-09-20,,C,23.290183864948165,6.0
995.0,24.0,55271.72311312374,15.890420412443287,London,2022-09-21,,,84.53299756887267,6.0
996.0,32.0,66052.25357474641,41.95312944675591,,,False,A,72.71628097401384,
997.0,52.0,49602.1811112641,199.99571820367424,Tokyo,2022-09-23,False,,98.07611743888516,0.0
998.0,41.0,36771.88023158423,16.833026635169876,London,2022-09-24,True,,15.569259775593292,6.0
999.0,29.0,47553.99554084354,8.636086383903962,Tokyo,2022-09-25,,A,22.566458305205504,4.0
1000.0,40.0,38826.46032790326,66.26916835373416,London,2022-09-26,,A,21.17981498815027,6.0
